"codigo";"municipio";"turmas";"area";"sexo";"frequencia";"fez.aula";"p_nome_exoticas";"p_nome_nativas";"p_origem_exoticas";"p_origem_nativas";"p_indice_exoticas";"p_indice_nativas"
1;"Silvânia";1;"Urbana";"Feminino";"Ás vezes";"Sim, parque ou trilha";1;0,4;0,6;0,8;0,6;0,4
2;"Silvânia";1;"Urbana";"Feminino";"Ás vezes";"Sim, parque ou trilha";0,8;0,6;0,8;1;0,8;0,6
3;"Silvânia";1;"Urbana";"Masculino";"Frequentemente";"Sim, FLONA";0,8;0,6;0,8;1;0,8;0,6
4;"Silvânia";1;"Urbana";"Masculino";"Frequentemente";"Não fez";1;0,4;0,6;0,8;0,6;0,4
5;"Silvânia";1;"Rural";"Feminino";"Frequentemente";"Não fez";0,8;0,2;0;1;0;0,2
6;"Silvânia";1;"Rural";"Feminino";"Sempre";"Sim, fazenda";0,4;0,2;0,4;0,8;0;0
7;"Silvânia";1;"Urbana";"Masculino";"Sempre";"Não fez";0,6;0,2;0,4;1;0,2;0,2
8;"Silvânia";1;"Rural";"Feminino";"Sempre";"Não fez";0,6;0,4;0,4;0,8;0,2;0,4
9;"Silvânia";1;"Urbana";"Masculino";"Ás vezes";"Não fez";0,8;0;0,4;0,6;0,4;0
10;"Silvânia";1;"Urbana";"Feminino";"Frequentemente";"Sim, fazenda";0,6;0,2;0,6;0,6;0,4;0,2
11;"Silvânia";1;"Urbana";"Masculino";"Sempre";"Não fez";0,4;0,2;0,2;0,6;0,2;0
12;"Silvânia";1;"Urbana";"Masculino";"Frequentemente";"Não fez";1;0,4;0,8;0,8;0,8;0,4
13;"Silvânia";1;"Urbana";"Feminino";"Raramente";"Sim, zoologico";0,8;0,6;0,6;0,8;0,4;0,6
14;"Silvânia";1;"Urbana";"Feminino";"Ás vezes";"Não fez";1;0,4;0,4;0,6;0,4;0,4
15;"Silvânia";2;"Urbana";"Masculino";"Frequentemente";"Sim, FLONA";0,6;0,4;0,8;0,6;0,6;0,4
16;"Silvânia";2;"Urbana";"Feminino";"Ás vezes";"Sim, outro";0,4;0,4;0,6;0,6;0,2;0,2
17;"Silvânia";2;"Rural";"Masculino";"Frequentemente";"Sim, parque ou trilha";0,6;0,4;0,6;0,8;0,6;0,4
18;"Silvânia";2;"Urbana";"Masculino";"Frequentemente";"Sim, parque ou trilha";1;0,6;0,6;1;0,6;0,6
19;"Silvânia";2;"Rural";"Masculino";"Sempre";"Sim, parque ou trilha";0,6;0,4;0,4;0,8;0,4;0,4
20;"Silvânia";2;"Urbana";"Feminino";"Raramente";"Não fez";0,8;0,6;0,4;1;0,4;0,6
21;"Silvânia";2;"Urbana";"Feminino";"Sempre";"Sim, parque ou trilha";0,4;0,6;0,6;1;0,2;0,6
22;"Silvânia";2;"Urbana";"Feminino";"Frequentemente";"Sim, parque ou trilha";1;0,4;1;0,6;1;0,4
23;"Silvânia";2;"Urbana";"Feminino";"Frequentemente";"Sim, parque ou trilha";0,8;0,8;0,2;1;0,2;0,8
24;"Silvânia";2;"Rural";"Masculino";"Ás vezes";"Não fez";0,8;0,4;0,2;0,8;0,2;0,4
25;"Silvânia";2;"Urbana";"Feminino";"Frequentemente";"Não fez";0,2;0,6;0,6;0,4;0,2;0,2
26;"Silvânia";2;"Urbana";"Masculino";"Frequentemente";"Sim, parque ou trilha";1;0,4;0,4;0,8;0,4;0,4
27;"Silvânia";2;"Urbana";"Feminino";"Sempre";"Sim, parque ou trilha";0,6;0,4;0,4;1;0,2;0,4
28;"Silvânia";2;"Rural";"Masculino";"Sempre";"Sim, parque ou trilha";1;0,4;0,8;0,6;0,8;0,4
29;"Silvânia";2;"Rural";"Feminino";"Sempre";"Sim, parque ou trilha";0,8;0,4;0,8;0,8;0,6;0,4
30;"Silvânia";2;"Rural";"Feminino";"Sempre";"Sim, parque ou trilha";0,8;0,4;0,8;1;0,6;0,4
31;"Silvânia";2;"Urbana";"Masculino";"Frequentemente";"Sim, parque ou trilha";0,4;0,6;0,8;0,8;0,4;0,6
32;"Silvânia";2;"Urbana";"Masculino";"Frequentemente";"Sim, parque ou trilha";0,8;0,6;0,6;0,8;0,6;0,6
33;"Silvânia";3;"Rural";"Masculino";"Sempre";"Sim, parque ou trilha";0,8;0;0,6;0,8;0,6;0
34;"Silvânia";3;"Rural";"Masculino";"Sempre";"Sim, FLONA";0,4;0;0,4;1;0,4;0
36;"Silvânia";3;"Urbana";"Feminino";"Ás vezes";"Sim, parque ou trilha";0,4;0;0;1;0;0
37;"Silvânia";3;"Rural";"Feminino";"Sempre";"Sim, parque ou trilha";0,6;0;0,4;1;0,2;0
38;"Silvânia";3;"Rural";"Feminino";"Sempre";"Sim, FLONA";0,8;0,2;0,4;1;0,2;0,2
39;"Silvânia";3;"Rural";"Feminino";"Sempre";"Sim, FLONA";0,6;0,2;0,4;0,8;0,4;0,2
40;"Silvânia";3;"Urbana";"Feminino";"Ás vezes";"Sim, parque ou trilha";0,8;0;0;1;0;0
41;"Silvânia";3;"Urbana";"Feminino";"Ás vezes";"Sim, parque ou trilha";0,8;0,4;0,8;0,8;0,6;0,2
42;"Silvânia";3;"Urbana";"Masculino";"Frequentemente";"Sim, outro";0,6;0,2;0,6;0,8;0,4;0,2
43;"Silvânia";3;"Urbana";"Feminino";"Frequentemente";"Não fez";0,6;0;0,4;1;0,2;0
44;"Silvânia";3;"Urbana";"Masculino";"Ás vezes";"Sim, parque ou trilha";0,8;0;1;0,6;0,8;0
45;"Silvânia";3;"Urbana";"Feminino";"Frequentemente";"Sim, parque ou trilha";0,6;0,2;0,4;0,6;0;0
46;"Silvânia";3;"Urbana";"Feminino";"Ás vezes";"Não fez";0,6;0;0,4;0,8;0,2;0
47;"Silvânia";3;"Urbana";"Feminino";"Frequentemente";"Não fez";0,6;0;0,4;0,8;0,2;0
48;"Silvânia";3;"Urbana";"Feminino";"Frequentemente";"Sim, FLONA";0,6;0;0,6;0,6;0,4;0
49;"Silvânia";3;"Rural";"Masculino";"Sempre";"Sim, parque ou trilha";0,6;0;0,4;1;0,2;0
50;"Silvânia";3;"Urbana";"Feminino";"Ás vezes";"Sim, parque ou trilha";0,8;0;0,4;0,8;0,4;0
51;"Silvânia";3;"Urbana";"Masculino";"Ás vezes";"Sim, parque ou trilha";0,6;0,2;0,2;0,8;0,2;0
52;"Silvânia";4;"Urbana";"Masculino";"Frequentemente";"Sim, parque ou trilha";0,6;0,4;1;0,6;0,6;0,4
53;"Silvânia";4;"Urbana";"Feminino";"Frequentemente";"Sim, parque ou trilha";0,6;0,6;0,2;1;0,2;0,6
54;"Silvânia";4;"Rural";"Masculino";"Sempre";"Sim, parque ou trilha";0,6;0,4;0,4;1;0,4;0,4
55;"Silvânia";4;"Urbana";"Feminino";"Raramente";"Sim, parque ou trilha";0,6;0,2;0,6;0,4;0,4;0,2
56;"Silvânia";4;"Rural";"Masculino";"Sempre";"Sim, FLONA";0,8;0,4;0,4;0,8;0,4;0,4
57;"Silvânia";4;"Urbana";"Masculino";"Raramente";"Sim, parque ou trilha";0,6;0,4;0,4;0,8;0,4;0,4
58;"Silvânia";4;"Urbana";"Feminino";"Ás vezes";"Sim, parque ou trilha";0,2;0,2;0,4;0,6;0;0,2
59;"Silvânia";4;"Urbana";"Masculino";"Frequentemente";"Sim, outro";0,4;0,4;0,6;1;0,4;0,4
60;"Silvânia";4;"Urbana";"Feminino";"Frequentemente";"Não fez";0,8;0,4;0,4;1;0,4;0,4
61;"Silvânia";4;"Urbana";"Feminino";"Frequentemente";"Não fez";0,4;0,2;0,2;1;0,2;0,2
62;"Silvânia";4;"Urbana";"Feminino";"Frequentemente";"Não fez";0,2;0,4;0,2;0,6;0,2;0,2
63;"Silvânia";4;"Urbana";"Masculino";"Sempre";"Sim, zoologico";0,6;0;0,4;0,6;0,4;0
64;"Silvânia";4;"Urbana";"Feminino";"Frequentemente";"Não fez";0,6;0,4;0,2;1;0,2;0,4
65;"Silvânia";4;"Urbana";"Masculino";"Frequentemente";"Sim, parque ou trilha";0,4;0,4;0,4;0,6;0,2;0,2
66;"Silvânia";4;"Urbana";"Masculino";"Ás vezes";"Sim, FLONA";0,8;0,6;0,4;0,8;0,4;0,6
67;"Silvânia";4;"Urbana";"Feminino";"Frequentemente";"Sim, FLONA";0,6;0,2;0,8;0,8;0,4;0,2
68;"Silvânia";4;"Urbana";"Feminino";"Frequentemente";"Não fez";0,4;0,4;0,6;0,8;0,2;0,4
69;"Silvânia";4;"Urbana";"Feminino";"Frequentemente";"Sim, FLONA";0,4;0,2;0,2;1;0,2;0,2
70;"Silvânia";5;"Rural";"Masculino";"Sempre";"Sim, parque ou trilha";1;0,4;0,6;1;0,6;0,4
71;"Silvânia";5;"Urbana";"Masculino";"Frequentemente";"Sim, parque ou trilha";1;0,4;0,6;1;0,6;0,4
72;"Silvânia";5;"Rural";"Feminino";"Ás vezes";"Sim, parque ou trilha";1;0,6;0,4;1;0,4;0,6
73;"Silvânia";5;"Urbana";"Feminino";"Ás vezes";"Sim, parque ou trilha";1;0,6;0,6;1;0,6;0,6
74;"Silvânia";5;"Urbana";"Feminino";"Frequentemente";"Sim, parque ou trilha";1;0,6;0,6;1;0,6;0,6
75;"Silvânia";5;"Rural";"Feminino";"Sempre";"Sim, parque ou trilha";1;0,6;0;1;0;0,6
76;"Silvânia";5;"Rural";"Feminino";"Ás vezes";"Sim, parque ou trilha";0,8;0,6;1;1;0,8;0,6
77;"Silvânia";5;"Urbana";"Masculino";"Raramente";"Não fez";0,6;0,4;0,8;0,8;0,4;0,4
78;"Silvânia";5;"Urbana";"Masculino";"Frequentemente";"Sim, outro";1;0,6;0,6;1;0,6;0,6
79;"Silvânia";5;"Urbana";"Masculino";"Frequentemente";"Não fez";1;0,8;0,6;1;0,6;0,8
80;"Silvânia";5;"Urbana";"Feminino";"Frequentemente";"Sim, parque ou trilha";0,8;0,2;0,4;1;0,4;0,2
81;"Silvânia";5;"Rural";"Masculino";"Sempre";"Sim, parque ou trilha";1;0,4;0,8;0,4;0,8;0,2
82;"Silvânia";5;"Urbana";"Feminino";"Sempre";"Sim, parque ou trilha";0,8;0,4;0,6;1;0,6;0,4
83;"Silvânia";5;"Rural";"Feminino";"Sempre";"Sim, parque ou trilha";1;0,6;0,4;0,8;0,4;0,6
84;"Silvânia";5;"Urbana";"Masculino";"Frequentemente";"Sim, parque ou trilha";1;0,6;1;0,6;1;0,4
85;"Silvânia";5;"Urbana";"Feminino";"Frequentemente";"Sim, FLONA";1;0,4;1;0,4;1;0,4
86;"Silvânia";6;"Urbana";"Masculino";"Frequentemente";"Sim, parque ou trilha";1;0,4;0,6;0,8;0,6;0,4
87;"Silvânia";6;"Urbana";"Feminino";"Raramente";"Sim, parque ou trilha";0,6;0,4;0,6;0,8;0,4;0,4
88;"Silvânia";6;"Urbana";"Masculino";"Frequentemente";"Sim, FLONA";0,4;0,8;0,6;0,8;0,2;0,6
89;"Silvânia";6;"Urbana";"Feminino";"Ás vezes";"Não fez";0,6;0,6;0,4;1;0,4;0,6
90;"Silvânia";6;"Urbana";"Masculino";"Raramente";"Não fez";1;0,4;0,2;0,8;0,2;0,4
91;"Silvânia";6;"Urbana";"Feminino";"Frequentemente";"Não fez";1;0,4;0,8;0,8;0,8;0,4
92;"Silvânia";6;"Urbana";"Feminino";"Frequentemente";"Sim, parque ou trilha";0,8;0,4;0,8;0,8;0,8;0,4
93;"Silvânia";6;"Rural";"Feminino";"Sempre";"Não fez";0,8;0,6;0,4;0,6;0,4;0,4
94;"Silvânia";6;"Urbana";"Masculino";"Ás vezes";"Sim, parque ou trilha";0,8;0,4;0,8;0,8;0,6;0,4
95;"Silvânia";6;"Urbana";"Feminino";"Ás vezes";"Sim, parque ou trilha";0,8;0,2;0,6;0,6;0,6;0,2
96;"Silvânia";6;"Urbana";"Masculino";"Frequentemente";"Sim, parque ou trilha";0,8;0,6;0,8;1;0,8;0,6
97;"Silvânia";6;"Urbana";"Feminino";"Frequentemente";"Não fez";1;0,4;0,6;0,6;0,6;0,4
98;"Silvânia";6;"Rural";"Feminino";"Ás vezes";"Sim, parque ou trilha";0,8;0,6;0,6;0,8;0,6;0,4
99;"Silvânia";6;"Urbana";"Masculino";"Frequentemente";"Não fez";0,6;0,6;0,8;0,8;0,6;0,4
100;"Silvânia";6;"Urbana";"Masculino";"Ás vezes";"Sim, parque ou trilha";0,4;0,2;0,4;0,8;0,2;0,2
101;"Silvânia";6;"Urbana";"Masculino";"Frequentemente";"Sim, parque ou trilha";0,8;0,6;0,6;0,8;0,6;0,6
102;"Silvânia";6;"Urbana";"Masculino";"Ás vezes";"Sim, FLONA";0,4;0,2;0,4;1;0,4;0,2
103;"Silvânia";6;"Urbana";"Feminino";"Ás vezes";"Sim, FLONA";1;0,6;0,8;1;0,8;0,6
104;"Silvânia";6;"Urbana";"Feminino";"Ás vezes";"Não fez";0,8;0,4;0,8;1;0,8;0,4
105;"Silvânia";6;"Urbana";"Feminino";"Frequentemente";"Sim, parque ou trilha";0,6;0,4;0,4;0,8;0,4;0,4
106;"Silvânia";6;"Urbana";"Feminino";"Ás vezes";"Sim, parque ou trilha";0,8;0,6;0,6;0,6;0,6;0,4
107;"Silvânia";6;"Urbana";"Feminino";"Frequentemente";"Não fez";0,8;0,6;0,6;0,8;0,6;0,6
108;"Silvânia";6;"Rural";"Masculino";"Sempre";"Sim, FLONA";0,8;0,6;0,6;1;0,6;0,6
109;"Silvânia";6;"Urbana";"Feminino";"Ás vezes";"Não fez";0,2;0,4;0,4;0,6;0,2;0,2
110;"Silvânia";6;"Urbana";"Masculino";"Frequentemente";"Sim, zoologico";1;0,4;0,4;1;0,4;0,4
111;"Silvânia";6;"Urbana";"Masculino";"Ás vezes";"Não fez";0,6;0,6;0,6;1;0,4;0,6
112;"Silvânia";6;"Urbana";"Feminino";"Frequentemente";"Sim, parque ou trilha";0,8;0,8;0,6;0,8;0,6;0,6
113;"Silvânia";7;"Urbana";"Masculino";"Frequentemente";"Não fez";0,8;0;0,8;0,8;0,6;0
114;"Silvânia";7;"Urbana";"Feminino";"Frequentemente";"Sim, parque ou trilha";0,8;0;0,6;0,8;0,6;0
115;"Silvânia";7;"Urbana";"Masculino";"Frequentemente";"Sim, FLONA";1;0,2;0,2;1;0,2;0,2
117;"Silvânia";7;"Urbana";"Feminino";"Frequentemente";"Sim, parque ou trilha";1;0,2;0,8;0,6;0,8;0
118;"Silvânia";7;"Urbana";"Feminino";"Frequentemente";"Sim, parque ou trilha";0,8;0,4;0,2;1;0,2;0,4
119;"Silvânia";7;"Rural";"Masculino";"Sempre";"Sim, parque ou trilha";1;0;1;0,6;1;0
120;"Silvânia";7;"Urbana";"Masculino";"Ás vezes";"Sim, parque ou trilha";0,8;0,2;1;0,6;0,8;0
121;"Silvânia";7;"Urbana";"Feminino";"Ás vezes";"Não fez";0,8;0;0,8;0,6;0,8;0
122;"Silvânia";7;"Urbana";"Feminino";"Ás vezes";"Não fez";0,6;0;0,8;0,8;0,4;0
123;"Silvânia";7;"Urbana";"Feminino";"Frequentemente";"Sim, parque ou trilha";1;0;1;0,4;1;0
124;"Silvânia";7;"Urbana";"Masculino";"Ás vezes";"Sim, parque ou trilha";0,6;0,2;0,8;1;0,4;0,2
125;"Silvânia";7;"Urbana";"Feminino";"Frequentemente";"Não fez";0,8;0;0,8;0,8;0,6;0
126;"Silvânia";7;"Urbana";"Masculino";"Ás vezes";"Não fez";0,6;0;0,8;0,8;0,6;0
127;"Silvânia";7;"Urbana";"Feminino";"Frequentemente";"Sim, FLONA";0,6;0;0;1;0;0
128;"Silvânia";7;"Urbana";"Masculino";"Ás vezes";"Sim, parque ou trilha";1;0;0,8;0,8;0,8;0
129;"Silvânia";7;"Urbana";"Masculino";"Ás vezes";"Sim, parque ou trilha";0,8;0;0,6;0,8;0,4;0
130;"Silvânia";7;"Urbana";"Masculino";"Raramente";"Sim, parque ou trilha";0,8;0,2;0,8;0,6;0,6;0
131;"Silvânia";7;"Rural";"Feminino";"Sempre";"Não fez";0,8;0;0,8;0,8;0,8;0
132;"Silvânia";7;"Rural";"Masculino";"Sempre";"Sim, parque ou trilha";0,6;0,2;0,8;0,8;0,6;0,2
133;"Silvânia";7;"Urbana";"Feminino";"Frequentemente";"Sim, parque ou trilha";0,8;0;0,8;0,8;0,8;0
134;"Silvânia";7;"Rural";"Feminino";"Ás vezes";"Não fez";0,8;0;0,8;0,8;0,6;0
135;"Silvânia";8;"Urbana";"Masculino";"Sempre";"Não fez";0,4;0,4;0,2;1;0,2;0,4
136;"Silvânia";8;"Urbana";"Feminino";"Frequentemente";"Sim, parque ou trilha";0,4;0,4;0,2;0,8;0,2;0,4
138;"Silvânia";8;"Urbana";"Feminino";"Ás vezes";"Sim, fazenda";0,8;0,6;0,6;0,6;0,6;0,4
139;"Silvânia";8;"Urbana";"Masculino";"Sempre";"Não fez";0,6;0,4;0,2;0,6;0,2;0,4
140;"Silvânia";8;"Urbana";"Feminino";"Sempre";"Sim, parque ou trilha";0,6;0,2;0,2;1;0,2;0,2
141;"Silvânia";8;"Urbana";"Masculino";"Ás vezes";"Sim, parque ou trilha";1;0,4;0,4;0,8;0,4;0,4
142;"Silvânia";8;"Urbana";"Feminino";"Frequentemente";"Sim, parque ou trilha";0,4;0,2;0,2;0,4;0,2;0
143;"Silvânia";8;"Urbana";"Masculino";"Sempre";"Sim, parque ou trilha";1;0,4;0,4;0,8;0,4;0,4
144;"Silvânia";8;"Urbana";"Feminino";"Frequentemente";"Sim, parque ou trilha";0,4;0,2;0,4;0,4;0,2;0,2
145;"Silvânia";8;"Urbana";"Feminino";"Frequentemente";"Sim, parque ou trilha";0,6;0,4;0,4;0,8;0,4;0,4
146;"Silvânia";8;"Urbana";"Masculino";"Frequentemente";"Sim, outro";0,4;0,6;0,2;1;0,2;0,6
147;"Silvânia";8;"Urbana";"Masculino";"Frequentemente";"Sim, parque ou trilha";0,6;0,2;0,4;0,4;0,4;0,2
148;"Silvânia";8;"Urbana";"Feminino";"Frequentemente";"Não fez";0,8;0;0,2;0,6;0,2;0
149;"Silvânia";8;"Urbana";"Feminino";"Ás vezes";"Não fez";0,6;0,4;0,6;0,8;0,4;0,4
150;"Silvânia";8;"Urbana";"Masculino";"Frequentemente";"Sim, parque ou trilha";0,4;0,4;0,4;0,8;0,2;0,4
151;"Silvânia";8;"Urbana";"Feminino";"Frequentemente";"Sim, parque ou trilha";0,4;0,4;0,4;1;0,4;0,4
152;"Silvânia";8;"Urbana";"Feminino";"Ás vezes";"Não fez";0,6;0,2;0,4;0,6;0,4;0,2
153;"Silvânia";8;"Urbana";"Feminino";"Ás vezes";"Não fez";0,8;0,4;0,4;1;0,4;0,4
154;"Silvânia";8;"Urbana";"Feminino";"Ás vezes";"Não fez";0,8;0,4;0,4;1;0,4;0,4
155;"Silvânia";8;"Urbana";"Feminino";"Ás vezes";"Sim, parque ou trilha";0,4;0,2;0,2;0,4;0,2;0,2
156;"Silvânia";8;"Urbana";"Feminino";"Frequentemente";"Sim, parque ou trilha";0,6;0,2;0,2;0,8;0,2;0,2
157;"Silvânia";8;"Urbana";"Feminino";"Ás vezes";"Sim, parque ou trilha";0,8;0,4;0,6;0,8;0,6;0,4
158;"Silvânia";8;"Urbana";"Masculino";"Ás vezes";"Sim, parque ou trilha";0,4;0,2;0,6;0,4;0,2;0,2
159;"Silvânia";8;"Urbana";"Feminino";"Frequentemente";"Sim, parque ou trilha";0,4;0,4;0,4;0,6;0,2;0,4
160;"Silvânia";8;"Urbana";"Feminino";"Frequentemente";"Sim, outro";0,6;0,2;0,2;0,4;0,2;0,2
161;"Silvânia";8;"Urbana";"Feminino";"Ás vezes";"Não fez";0,6;0,4;0,4;1;0,4;0,4
162;"Silvânia";8;"Urbana";"Masculino";"Ás vezes";"Não fez";0,4;0,2;0,4;0,8;0,2;0,2
163;"Silvânia";9;"Urbana";"Masculino";"Ás vezes";"Sim, FLONA";0,6;0,6;0,6;0,8;0,2;0,4
164;"Silvânia";9;"Urbana";"Feminino";"Frequentemente";"Sim, parque ou trilha";1;0,6;0,6;0,6;0,6;0,6
165;"Silvânia";9;"Urbana";"Masculino";"Ás vezes";"Sim, parque ou trilha";1;0,6;0,6;1;0,6;0,6
166;"Silvânia";9;"Urbana";"Masculino";"Frequentemente";"Sim, parque ou trilha";1;0,6;0,8;1;0,8;0,6
167;"Silvânia";9;"Urbana";"Masculino";"Frequentemente";"Não fez";1;0,6;0,6;1;0,6;0,6
168;"Silvânia";9;"Urbana";"Masculino";"Frequentemente";"Sim, FLONA";1;0,6;0,8;0,8;0,8;0,6
169;"Silvânia";9;"Urbana";"Feminino";"Sempre";"Sim, parque ou trilha";1;0,6;0,6;1;0,6;0,6
170;"Silvânia";9;"Urbana";"Feminino";"Frequentemente";"Sim, parque ou trilha";1;0,6;0,8;1;0,8;0,6
171;"Silvânia";9;"Urbana";"Feminino";"Ás vezes";"Sim, FLONA";0,8;0,4;0,2;0,8;0,2;0,4
172;"Silvânia";9;"Urbana";"Feminino";"Frequentemente";"Sim, parque ou trilha";1;0,6;0,8;1;0,8;0,6
173;"Silvânia";9;"Urbana";"Feminino";"Sempre";"Sim, parque ou trilha";1;0,6;0,6;0,8;0,6;0,6
174;"Silvânia";9;"Urbana";"Feminino";"Frequentemente";"Sim, parque ou trilha";0,4;0,4;0,6;0,8;0,2;0,4
175;"Silvânia";9;"Urbana";"Masculino";"Ás vezes";"Sim, parque ou trilha";0,8;0,4;0,6;1;0,6;0,4
176;"Silvânia";9;"Urbana";"Masculino";"Raramente";"Sim, parque ou trilha";0,8;0,6;0,4;0,8;0,4;0,4
177;"Silvânia";9;"Urbana";"Feminino";"Ás vezes";"Não fez";0,6;0,8;0,2;1;0,2;0,8
178;"Silvânia";9;"Urbana";"Feminino";"Frequentemente";"Sim, parque ou trilha";0,8;0,4;0,6;0,8;0,6;0,4
179;"Silvânia";9;"Urbana";"Feminino";"Ás vezes";"Sim, parque ou trilha";0,8;0,4;0,8;1;0,8;0,4
180;"Silvânia";9;"Urbana";"Masculino";"Ás vezes";"Sim, parque ou trilha";0,8;0,2;0;1;0;0,2
181;"Silvânia";9;"Urbana";"Feminino";"Frequentemente";"Sim, parque ou trilha";0,8;0,4;0,8;0,6;0,8;0,2
182;"Silvânia";9;"Rural";"Feminino";"Ás vezes";"Não fez";0,8;0,6;1;0,8;0,8;0,4
183;"Silvânia";9;"Rural";"Feminino";"Ás vezes";"Não fez";0,8;0;0,2;0,8;0,2;0
184;"Silvânia";9;"Urbana";"Feminino";"Ás vezes";"Não fez";0,6;0,4;0,6;0,6;0,4;0,2
185;"Silvânia";9;"Urbana";"Masculino";"Ás vezes";"Não fez";1;0,4;0,4;0,8;0,4;0,2
186;"Bela Vista de Goiás";10;"Urbana";"Masculino";"Frequentemente";"Sim, parque ou trilha";0,4;0,4;0,4;0,8;0,2;0,4
187;"Bela Vista de Goiás";10;"Rural";"Masculino";"Sempre";"Não fez";0,8;0,8;0,4;0,8;0,4;0,8
188;"Bela Vista de Goiás";10;"Urbana";"Feminino";"Frequentemente";"Sim, zoologico";1;0,6;0,6;1;0,6;0,6
189;"Bela Vista de Goiás";10;"Urbana";"Masculino";"Frequentemente";"Sim, parque ou trilha";0,8;0,4;0,8;0,8;0,6;0,4
190;"Bela Vista de Goiás";10;"Urbana";"Masculino";"Sempre";"Sim, fazenda";0,8;0,4;0,8;0,8;0,6;0,4
191;"Bela Vista de Goiás";10;"Urbana";"Feminino";"Frequentemente";"Sim, fazenda";0,8;0,4;0,6;1;0,6;0,4
192;"Bela Vista de Goiás";10;"Urbana";"Masculino";"Frequentemente";"Sim, parque ou trilha";0,8;0,4;0,8;1;0,6;0,4
193;"Bela Vista de Goiás";10;"Rural";"Masculino";"Sempre";"Não fez";0,8;0,4;0,8;1;0,8;0,4
194;"Bela Vista de Goiás";10;"Urbana";"Masculino";"Frequentemente";"Não fez";0,8;0,4;0,6;0,8;0,4;0,4
195;"Bela Vista de Goiás";10;"Urbana";"Feminino";"Frequentemente";"Sim, fazenda";0,6;0,4;0,2;1;0,2;0,4
196;"Bela Vista de Goiás";10;"Urbana";"Masculino";"Ás vezes";"Sim, fazenda";0,8;0,4;0;1;0;0,4
197;"Bela Vista de Goiás";10;"Urbana";"Feminino";"Ás vezes";"Não fez";0,8;0,8;0,2;1;0,2;0,8
198;"Bela Vista de Goiás";10;"Urbana";"Masculino";"Frequentemente";"Não fez";0,8;0;0,8;0,8;0,8;0
199;"Bela Vista de Goiás";10;"Urbana";"Masculino";"Ás vezes";"Não fez";0,6;0;0,6;0,8;0,6;0
200;"Bela Vista de Goiás";10;"Urbana";"Feminino";"Ás vezes";"Sim, parque ou trilha";0,6;0;0,8;0,6;0,4;0
201;"Bela Vista de Goiás";10;"Urbana";"Masculino";"Ás vezes";"Não fez";0,6;0;0,4;0,8;0,4;0
202;"Bela Vista de Goiás";10;"Urbana";"Feminino";"Frequentemente";"Não fez";0,8;0;0,6;0,8;0,6;0
203;"Bela Vista de Goiás";10;"Urbana";"Feminino";"Ás vezes";"Sim, parque ou trilha";0,6;0;0,6;0,6;0,2;0
204;"Bela Vista de Goiás";10;"Urbana";"Feminino";"Frequentemente";"Não fez";0,8;0;0,8;0,8;0,6;0
205;"Bela Vista de Goiás";10;"Urbana";"Masculino";"Frequentemente";"Sim, fazenda";0,8;0;0,6;1;0,6;0
206;"Bela Vista de Goiás";10;"Urbana";"Masculino";"Ás vezes";"Não fez";0,8;0;0,8;0,6;0,8;0
207;"Bela Vista de Goiás";10;"Urbana";"Masculino";"Frequentemente";"Sim, fazenda";0,8;0;0,6;1;0,4;0
208;"Bela Vista de Goiás";11;"Urbana";"Feminino";"Sempre";"Não fez";1;0,4;0,4;1;0,4;0,4
209;"Bela Vista de Goiás";11;"Urbana";"Masculino";"Raramente";"Sim, fazenda";0,6;0,4;0,4;0,6;0,2;0,2
210;"Bela Vista de Goiás";11;"Urbana";"Masculino";"Frequentemente";"Não fez";0,6;0,6;0,4;0,6;0,4;0,4
211;"Bela Vista de Goiás";11;"Urbana";"Feminino";"Frequentemente";"Sim, parque ou trilha";0,8;0,4;0,4;1;0,4;0,4
212;"Bela Vista de Goiás";11;"Urbana";"Feminino";"Frequentemente";"Sim, parque ou trilha";0,4;0,4;0,4;0,8;0,4;0,4
213;"Bela Vista de Goiás";11;"Urbana";"Masculino";"Frequentemente";"Não fez";0,6;0,4;0,2;0,8;0,2;0,2
214;"Bela Vista de Goiás";11;"Urbana";"Masculino";"Ás vezes";"Sim, fazenda";0,8;0,2;0,4;1;0,4;0,2
215;"Bela Vista de Goiás";11;"Urbana";"Feminino";"Ás vezes";"Não fez";0,8;0,4;0,2;1;0,2;0,4
216;"Bela Vista de Goiás";11;"Urbana";"Feminino";"Frequentemente";"Sim, outro";0,4;0,4;0,2;0,8;0,2;0,4
217;"Bela Vista de Goiás";11;"Urbana";"Masculino";"Sempre";"Sim, parque ou trilha";0,6;0,4;0,4;0,6;0,2;0,2
218;"Bela Vista de Goiás";11;"Urbana";"Masculino";"Frequentemente";"Não fez";0,8;0,4;0,4;0,8;0,4;0,4
219;"Bela Vista de Goiás";11;"Urbana";"Masculino";"Ás vezes";"Não fez";0,6;0,6;0,4;1;0,4;0,6
220;"Bela Vista de Goiás";11;"Rural";"Masculino";"Frequentemente";"Sim, fazenda";0,8;0,4;0,6;0,6;0,6;0,2
221;"Bela Vista de Goiás";11;"Urbana";"Feminino";"Frequentemente";"Sim, memorial do cerrado";1;0,6;0,4;1;0,4;0,6
223;"Bela Vista de Goiás";11;"Urbana";"Feminino";"Ás vezes";"Sim, fazenda";1;0,8;1;1;1;0,8
223;"Bela Vista de Goiás";11;"Urbana";"Masculino";"Sempre";"Sim, zoologico";1;0,8;1;1;1;0,8
224;"Bela Vista de Goiás";11;"Urbana";"Feminino";"Ás vezes";"Não fez";0,8;0,4;0,2;0,6;0,2;0,4
225;"Bela Vista de Goiás";11;"Urbana";"Feminino";"Ás vezes";"Sim, fazenda";1;0,4;0,6;1;0,6;0,4
226;"Bela Vista de Goiás";11;"Urbana";"Feminino";"Frequentemente";"Não fez";0,6;0,4;0,6;1;0,4;0,4
227;"Bela Vista de Goiás";11;"Urbana";"Feminino";"Ás vezes";"Não fez";1;0,6;0,2;0,8;0,2;0,6
228;"Bela Vista de Goiás";11;"Urbana";"Masculino";"Frequentemente";"Não fez";1;0,6;0,4;1;0,4;0,6
229;"Bela Vista de Goiás";11;"Urbana";"Feminino";"Ás vezes";"Não fez";1;0,6;0;1;0;0,6
230;"Bela Vista de Goiás";11;"Urbana";"Masculino";"Frequentemente";"Sim, fazenda";0,8;0,4;0,8;0,6;0,6;0,2
231;"Bela Vista de Goiás";12;"Urbana";"Feminino";"Sempre";"Sim, memorial do cerrado";0,8;0,2;0,6;0,8;0,6;0,2
232;"Bela Vista de Goiás";12;"Urbana";"Masculino";"Frequentemente";"Não fez";0,8;0,6;0,8;0,8;0,8;0,6
233;"Bela Vista de Goiás";12;"Urbana";"Masculino";"Nunca";"Sim, memorial do cerrado";0,6;0;0,6;0,8;0,6;0
234;"Bela Vista de Goiás";12;"Urbana";"Masculino";"Frequentemente";"Não fez";1;0,4;0,6;1;0,6;0,4
235;"Bela Vista de Goiás";12;"Urbana";"Masculino";"Raramente";"Sim, parque ou trilha";0,6;0,4;0,6;0,8;0,4;0,4
236;"Bela Vista de Goiás";12;"Urbana";"Masculino";"Ás vezes";"Sim, memorial do cerrado";0,8;0,6;0,8;1;0,8;0,6
237;"Bela Vista de Goiás";12;"Urbana";"Feminino";"Frequentemente";"Sim, memorial do cerrado";1;0,4;0,6;0,8;0,6;0,4
238;"Bela Vista de Goiás";12;"Rural";"Masculino";"Sempre";"Sim, parque ou trilha";0,4;0,4;0,6;0,6;0,2;0,4
239;"Bela Vista de Goiás";12;"Urbana";"Feminino";"Raramente";"Sim, parque ou trilha";0,8;0,4;0,6;0,8;0,4;0,4
240;"Bela Vista de Goiás";12;"Urbana";"Feminino";"Ás vezes";"Sim, memorial do cerrado";0,8;0,4;0,6;0,8;0,4;0,4
241;"Bela Vista de Goiás";12;"Urbana";"Masculino";"Sempre";"Não fez";0,8;0,4;0,2;1;0,2;0,4
242;"Bela Vista de Goiás";12;"Urbana";"Masculino";"Ás vezes";"Sim, memorial do cerrado";0,8;0,6;0,6;0,8;0,6;0,6
243;"Bela Vista de Goiás";12;"Urbana";"Feminino";"Frequentemente";"Não fez";0,4;0,4;0,2;0,6;0,2;0,4
244;"Bela Vista de Goiás";12;"Rural";"Feminino";"Frequentemente";"Sim, memorial do cerrado";0,8;0,6;0,6;0,6;0,6;0,4
245;"Bela Vista de Goiás";12;"Urbana";"Feminino";"Raramente";"Não fez";1;0,8;0,2;0,8;0,2;0,6
246;"Bela Vista de Goiás";12;"Urbana";"Feminino";"Ás vezes";"Não fez";0,8;0,4;0;0,4;0;0,4
247;"Bela Vista de Goiás";12;"Urbana";"Feminino";"Ás vezes";"Não fez";0,8;1;1;1;0,8;1
248;"Bela Vista de Goiás";12;"Urbana";"Masculino";"Frequentemente";"Não fez";1;0,6;0,8;0,8;0,8;0,6
249;"Bela Vista de Goiás";12;"Urbana";"Feminino";"Ás vezes";"Não fez";0,8;0,4;0,4;0,6;0,4;0,4
250;"Bela Vista de Goiás";12;"Urbana";"Feminino";"Frequentemente";"Sim, memorial do cerrado";0,8;0,4;0,6;0,8;0,6;0,4
251;"Bela Vista de Goiás";13;"Rural";"Feminino";"Sempre";"Não fez";0,6;0;0,4;1;0,4;0
252;"Bela Vista de Goiás";13;"Urbana";"Feminino";"Frequentemente";"Sim, memorial do cerrado";0,8;0,4;0,4;0,6;0,4;0,2
253;"Bela Vista de Goiás";13;"Urbana";"Masculino";"Raramente";"Não fez";0,8;0;0,2;1;0,2;0
254;"Bela Vista de Goiás";13;"Urbana";"Masculino";"Ás vezes";"Sim, memorial do cerrado";0,8;0,2;0,4;0,8;0,4;0
255;"Bela Vista de Goiás";13;"Urbana";"Masculino";"Frequentemente";"Não fez";0,4;0,2;0,6;0,6;0;0,2
256;"Bela Vista de Goiás";13;"Urbana";"Masculino";"Ás vezes";"Sim, memorial do cerrado";0,8;0,2;0,4;0,8;0,2;0,2
257;"Bela Vista de Goiás";13;"Rural";"Masculino";"Ás vezes";"Não fez";0,8;0;0,4;1;0,4;0
259;"Bela Vista de Goiás";13;"Rural";"Masculino";"Sempre";"Sim, parque ou trilha";0,8;0;1;0,6;0,8;0
260;"Bela Vista de Goiás";13;"Rural";"Feminino";"Sempre";"Sim, memorial do cerrado";0,8;0;0,4;1;0,4;0
261;"Bela Vista de Goiás";13;"Urbana";"Feminino";"Raramente";"Sim, parque ou trilha";0,6;0;0,2;1;0,2;0
262;"Bela Vista de Goiás";13;"Rural";"Feminino";"Sempre";"Não fez";0,6;0,2;0,8;1;0,6;0,2
263;"Bela Vista de Goiás";13;"Urbana";"Feminino";"Raramente";"Não fez";0,6;0,2;0,6;0,8;0,4;0,2
264;"Bela Vista de Goiás";13;"Urbana";"Feminino";"Frequentemente";"Não fez";0,8;0,6;0,8;0,6;0,6;0,4
265;"Bela Vista de Goiás";13;"Urbana";"Feminino";"Raramente";"Não fez";0,4;0,4;0,2;0,8;0;0,2
266;"Bela Vista de Goiás";13;"Rural";"Masculino";"Sempre";"Sim, memorial do cerrado";0,8;0,2;0,8;0,8;0,6;0,2
267;"Bela Vista de Goiás";13;"Urbana";"Masculino";"Raramente";"Não fez";0,6;0,2;0,6;0,8;0,4;0,2
268;"Bela Vista de Goiás";13;"Urbana";"Masculino";"Frequentemente";"Não fez";0,6;0,2;0,6;0,4;0,4;0,2
270;"Bela Vista de Goiás";13;"Urbana";"Masculino";"Raramente";"Sim, memorial do cerrado";0,6;0,2;0,2;0,8;0,2;0,2
272;"Bela Vista de Goiás";13;"Urbana";"Masculino";"Frequentemente";"Sim, memorial do cerrado";0,6;0,2;0,4;0,8;0,4;0,2
273;"Bela Vista de Goiás";13;"Urbana";"Masculino";"Ás vezes";"Sim, memorial do cerrado";0,4;0,4;0,6;0,6;0,4;0,4
275;"Bela Vista de Goiás";13;"Rural";"Feminino";"Frequentemente";"Não fez";0,4;0,4;0,2;0,4;0;0,4
277;"Bela Vista de Goiás";14;"Rural";"Feminino";"Ás vezes";"Não fez";1;0,2;0,6;0,6;0,6;0,2
278;"Bela Vista de Goiás";14;"Urbana";"Masculino";"Ás vezes";"Sim, memorial do cerrado";0,6;0,4;0,4;0,8;0,2;0,4
279;"Bela Vista de Goiás";14;"Urbana";"Feminino";"Sempre";"Não fez";0,4;0,6;0,2;0,8;0,2;0,4
280;"Bela Vista de Goiás";14;"Urbana";"Masculino";"Frequentemente";"Sim, zoologico";0,6;0,2;0,8;0,2;0,6;0
281;"Bela Vista de Goiás";14;"Urbana";"Feminino";"Ás vezes";"Não fez";0,6;0,4;0,4;1;0,4;0,4
282;"Bela Vista de Goiás";14;"Rural";"Masculino";"Ás vezes";"Não fez";0,6;0,4;1;0;0,6;0
283;"Bela Vista de Goiás";14;"Rural";"Feminino";"Frequentemente";"Não fez";0,2;0,4;0,2;0,6;0,2;0,2
284;"Bela Vista de Goiás";14;"Urbana";"Feminino";"Raramente";"Sim, memorial do cerrado";0,4;0,4;0,2;1;0,2;0,4
285;"Bela Vista de Goiás";14;"Urbana";"Masculino";"Ás vezes";"Não fez";0,4;0,4;0,4;0,8;0,2;0,2
286;"Bela Vista de Goiás";14;"Urbana";"Masculino";"Ás vezes";"Não fez";0,4;0,6;0,2;0,8;0,2;0,4
287;"Bela Vista de Goiás";14;"Urbana";"Masculino";"Frequentemente";"Sim, memorial do cerrado";0,4;0,4;0,2;0,8;0,2;0,2
288;"Bela Vista de Goiás";14;"Urbana";"Masculino";"Ás vezes";"Sim, memorial do cerrado";0,4;0,4;0,2;0,6;0,2;0,2
289;"Bela Vista de Goiás";14;"Rural";"Feminino";"Raramente";"Não fez";0,4;0,4;0,2;0,6;0;0,4
290;"Bela Vista de Goiás";14;"Urbana";"Feminino";"Frequentemente";"Sim, memorial do cerrado";0,4;0,2;0,4;0,8;0,2;0,2
291;"Bela Vista de Goiás";14;"Urbana";"Feminino";"Ás vezes";"Sim, parque ou trilha";0,8;0,2;0,8;0,6;0,6;0
292;"Bela Vista de Goiás";15;"Urbana";"Feminino";"Frequentemente";"Não fez";0,6;0,6;0,2;1;0,2;0,6
293;"Bela Vista de Goiás";15;"Urbana";"Feminino";"Ás vezes";"Não fez";1;0,4;0,8;1;0,8;0,4
294;"Bela Vista de Goiás";15;"Urbana";"Feminino";"Ás vezes";"Não fez";1;0,4;0,8;0,6;0,8;0,4
295;"Bela Vista de Goiás";15;"Urbana";"Feminino";"Raramente";"Não fez";0,6;0,2;0,6;0,6;0,4;0,2
296;"Bela Vista de Goiás";15;"Rural";"Feminino";"Ás vezes";"Sim, memorial do cerrado";0,8;0,6;0,6;0,8;0,4;0,6
297;"Bela Vista de Goiás";15;"Urbana";"Feminino";"Frequentemente";"Sim, memorial do cerrado";1;0,6;0,2;0,8;0,2;0,6
298;"Bela Vista de Goiás";15;"Urbana";"Masculino";"Frequentemente";"Sim, memorial do cerrado";0,6;0,4;0,2;0,6;0,2;0
299;"Bela Vista de Goiás";15;"Urbana";"Masculino";"Ás vezes";"Sim, memorial do cerrado";0,6;0,4;0,4;1;0,4;0,4
300;"Bela Vista de Goiás";15;"Rural";"Feminino";"Sempre";"Não fez";0,8;0,2;0,6;0,6;0,6;0,2
301;"Bela Vista de Goiás";15;"Rural";"Masculino";"Sempre";"Sim, memorial do cerrado";1;0,4;0,6;0,8;0,6;0,4
302;"Bela Vista de Goiás";15;"Urbana";"Masculino";"Frequentemente";"Sim, memorial do cerrado";1;0,4;0,4;1;0,4;0,4
303;"Bela Vista de Goiás";15;"Rural";"Feminino";"Frequentemente";"Sim, memorial do cerrado";1;0,4;0,4;1;0,4;0,4
304;"Bela Vista de Goiás";15;"Rural";"Feminino";"Sempre";"Sim, parque ou trilha";1;0,4;0,4;1;0,4;0,4
305;"Bela Vista de Goiás";15;"Urbana";"Masculino";"Raramente";"Sim, parque ou trilha";1;0,6;0,8;1;0,8;0,6
306;"Bela Vista de Goiás";15;"Urbana";"Feminino";"Ás vezes";"Sim, memorial do cerrado";1;0,6;0,6;1;0,6;0,6
307;"Bela Vista de Goiás";15;"Urbana";"Feminino";"Ás vezes";"Sim, memorial do cerrado";0,8;0,2;0,6;0,8;0,6;0,2
308;"Bela Vista de Goiás";15;"Urbana";"Feminino";"Ás vezes";"Não fez";1;0,2;0,6;0,6;0,6;0,2
309;"Bela Vista de Goiás";15;"Urbana";"Feminino";"Frequentemente";"Não fez";1;0,4;0,6;0,2;0,6;0,2
310;"Bela Vista de Goiás";15;"Rural";"Feminino";"Sempre";"Não fez";0,8;0,2;0,6;0,6;0,4;0
311;"Bela Vista de Goiás";15;"Urbana";"Masculino";"Sempre";"Sim, parque ou trilha";1;0,6;0,6;0,6;0,6;0,6
312;"Bela Vista de Goiás";15;"Urbana";"Masculino";"Ás vezes";"Não fez";1;0,6;0,6;0,8;0,6;0,6
313;"Bela Vista de Goiás";15;"Urbana";"Feminino";"Frequentemente";"Sim, memorial do cerrado";1;0,2;0,2;0,6;0,2;0,2
314;"Bela Vista de Goiás";15;"Urbana";"Feminino";"Frequentemente";"Sim, memorial do cerrado";1;0,6;0,2;0,6;0,2;0,2
315;"Bela Vista de Goiás";15;"Urbana";"Masculino";"Frequentemente";"Não fez";0,8;0,4;0,6;0,8;0,6;0,4
316;"Bela Vista de Goiás";15;"Urbana";"Masculino";"Ás vezes";"Não fez";1;0,4;0,6;0,8;0,6;0,4
317;"Bela Vista de Goiás";16;"Urbana";"Masculino";"Frequentemente";"Não fez";0,8;0,4;0,4;1;0,4;0,4
318;"Bela Vista de Goiás";16;"Rural";"Masculino";"Raramente";"Não fez";0,8;0,4;0,6;0,8;0,6;0,4
319;"Bela Vista de Goiás";16;"Urbana";"Feminino";"Ás vezes";"Sim, memorial do cerrado";0,8;0,4;0,6;1;0,6;0,4
320;"Bela Vista de Goiás";16;"Rural";"Feminino";"Sempre";"Não fez";0,8;0,2;0,4;0,6;0,4;0,2
321;"Bela Vista de Goiás";16;"Urbana";"Feminino";"Raramente";"Não fez";1;0,6;0,8;0,8;0,8;0,6
322;"Bela Vista de Goiás";16;"Rural";"Masculino";"Frequentemente";"Sim, memorial do cerrado";1;0,6;0,8;1;0,8;0,6
323;"Bela Vista de Goiás";16;"Urbana";"Feminino";"Frequentemente";"Sim, memorial do cerrado";1;0,6;1;1;1;0,6
324;"Bela Vista de Goiás";16;"Urbana";"Masculino";"Raramente";"Sim, memorial do cerrado";0,8;0,4;0,6;1;0,6;0,4
325;"Bela Vista de Goiás";16;"Rural";"Masculino";"Sempre";"Sim, memorial do cerrado";0,8;0,4;0,6;0,8;0,6;0,4
326;"Bela Vista de Goiás";16;"Urbana";"Masculino";"Ás vezes";"Sim, memorial do cerrado";0,8;0,2;0,6;1;0,4;0,2
327;"Bela Vista de Goiás";16;"Urbana";"Masculino";"Ás vezes";"Sim, zoologico";0,8;0,4;0,6;1;0,6;0,4
328;"Bela Vista de Goiás";16;"Rural";"Feminino";"Raramente";"Não fez";1;0,4;0,4;0,4;0,4;0,2
329;"Bela Vista de Goiás";16;"Urbana";"Masculino";"Sempre";"Não fez";1;0,4;1;1;1;0,4
330;"Bela Vista de Goiás";16;"Urbana";"Feminino";"Ás vezes";"Não fez";1;0,6;1;1;1;0,6
331;"Bela Vista de Goiás";16;"Urbana";"Feminino";"Ás vezes";"Sim, parque ou trilha";1;0,6;0,2;1;0,2;0,6
332;"Bela Vista de Goiás";16;"Urbana";"Masculino";"Sempre";"Sim, memorial do cerrado";0,8;0,8;0,8;0,6;0,6;0,6
333;"Bela Vista de Goiás";16;"Urbana";"Masculino";"Ás vezes";"Sim, memorial do cerrado";1;0,8;0,4;0,6;0,4;0,6
334;"Bela Vista de Goiás";16;"Urbana";"Masculino";"Frequentemente";"Sim, memorial do cerrado";1;0,6;0,8;0,8;0,8;0,4
335;"Bela Vista de Goiás";16;"Urbana";"Feminino";"Frequentemente";"Sim, memorial do cerrado";1;0,6;0,8;0,8;0,8;0,4
336;"Bela Vista de Goiás";16;"Rural";"Feminino";"Sempre";"Sim, parque ou trilha";1;0,2;0,2;0,8;0,2;0,2
337;"Bela Vista de Goiás";16;"Rural";"Feminino";"Sempre";"Sim, memorial do cerrado";0,8;0,4;0,6;0,8;0,4;0,4
338;"Bela Vista de Goiás";16;"Urbana";"Feminino";"Raramente";"Sim, memorial do cerrado";1;0,6;0,4;1;0,4;0,6
339;"Bela Vista de Goiás";16;"Urbana";"Feminino";"Ás vezes";"Sim, memorial do cerrado";0,8;0,2;0,6;0,6;0,6;0,2
340;"Bela Vista de Goiás";16;"Urbana";"Feminino";"Frequentemente";"Sim, memorial do cerrado";0,8;0,4;0,4;0,6;0,4;0,4
341;"Bela Vista de Goiás";17;"Urbana";"Feminino";"Ás vezes";"Sim, zoologico";0,8;0,6;0,2;0,6;0,2;0,2
342;"Bela Vista de Goiás";17;"Rural";"Feminino";"Raramente";"Não fez";1;0,4;0,6;0,6;0,6;0,4
343;"Bela Vista de Goiás";17;"Rural";"Masculino";"Sempre";"Sim, memorial do cerrado";0,8;0,2;0,4;1;0,2;0,2
344;"Bela Vista de Goiás";17;"Urbana";"Masculino";"Ás vezes";"Sim, fazenda";0,8;0,4;1;0,2;0,8;0
345;"Bela Vista de Goiás";17;"Urbana";"Masculino";"Sempre";"Não fez";0,6;0,2;0,6;0,8;0,6;0,2
346;"Bela Vista de Goiás";17;"Urbana";"Masculino";"Frequentemente";"Sim, memorial do cerrado";0,8;0,4;0;1;0;0,4
347;"Bela Vista de Goiás";17;"Rural";"Masculino";"Ás vezes";"Sim, parque ou trilha";0,8;0,2;0,6;0,8;0,4;0,2
348;"Bela Vista de Goiás";17;"Urbana";"Feminino";"Ás vezes";"Sim, parque ou trilha";0,8;0,2;1;1;0,8;0,2
349;"Bela Vista de Goiás";17;"Rural";"Feminino";"Ás vezes";"Não fez";0,6;0,4;0,8;0,6;0,6;0,2
350;"Bela Vista de Goiás";17;"Urbana";"Feminino";"Ás vezes";"Sim, memorial do cerrado";0,4;0,4;0,6;0,6;0,4;0,2
351;"Bela Vista de Goiás";17;"Rural";"Masculino";"Sempre";"Não fez";0,8;0,2;0;1;0;0,2
352;"Bela Vista de Goiás";17;"Urbana";"Masculino";"Sempre";"Sim, zoologico";0,4;0,4;0,8;0,8;0,4;0,4
353;"Bela Vista de Goiás";17;"Urbana";"Masculino";"Sempre";"Não fez";0,4;0,2;0,6;0,8;0,2;0,2
354;"Bela Vista de Goiás";17;"Urbana";"Feminino";"Frequentemente";"Não fez";0,8;0,2;0,8;0,8;0,6;0,2
355;"Bela Vista de Goiás";17;"Urbana";"Feminino";"Sempre";"Não fez";0,6;0,2;0,4;0,8;0,2;0,2
356;"Bela Vista de Goiás";17;"Urbana";"Feminino";"Ás vezes";"Não fez";0,8;0,4;0,4;0,8;0,4;0,4
357;"Bela Vista de Goiás";17;"Rural";"Feminino";"Sempre";"Não fez";0,4;0,4;0,2;1;0,2;0,4
358;"Bela Vista de Goiás";17;"Urbana";"Feminino";"Frequentemente";"Não fez";0,6;0,2;0,2;1;0,2;0,2
359;"Bela Vista de Goiás";17;"Rural";"Masculino";"Sempre";"Não fez";0,8;0,4;0,4;1;0,4;0,4
360;"Bela Vista de Goiás";17;"Urbana";"Masculino";"Sempre";"Sim, memorial do cerrado";0,6;0,2;0,6;0,4;0,4;0,2
361;"Bela Vista de Goiás";17;"Urbana";"Masculino";"Frequentemente";"Não fez";0,4;0,4;0,2;1;0,2;0,4
362;"Bela Vista de Goiás";17;"Urbana";"Feminino";"Raramente";"Sim, memorial do cerrado";0;0,6;0,2;0,6;0;0,6
363;"Bela Vista de Goiás";17;"Urbana";"Feminino";"Raramente";"Sim, memorial do cerrado";0,8;0,4;0,4;0,8;0,4;0,4
364;"Bela Vista de Goiás";17;"Urbana";"Feminino";"Frequentemente";"Sim, memorial do cerrado";0,4;0,6;0,4;1;0,2;0,6
365;"Bela Vista de Goiás";17;"Urbana";"Feminino";"Frequentemente";"Sim, memorial do cerrado";0,8;0,4;0,6;0,8;0,6;0,2
366;"Bela Vista de Goiás";17;"Urbana";"Masculino";"Ás vezes";"Não fez";0,4;0,4;0,2;0,6;0,2;0,2
367;"Bela Vista de Goiás";17;"Urbana";"Masculino";"Ás vezes";"Não fez";0,8;0,2;0,4;1;0,4;0,2
368;"Bela Vista de Goiás";17;"Urbana";"Masculino";"Ás vezes";"Não fez";0,4;0,6;0,8;0,6;0,2;0,6
369;"Bela Vista de Goiás";17;"Rural";"Masculino";"Frequentemente";"Não fez";1;0,4;0,4;0,8;0,4;0,4
370;"Bela Vista de Goiás";17;"Rural";"Masculino";"Sempre";"Não fez";1;0,6;0,4;0,8;0,4;0,4
371;"Bela Vista de Goiás";17;"Urbana";"Feminino";"Raramente";"Não fez";0,8;0,6;0,8;0,8;0,8;0,4
372;"Bela Vista de Goiás";17;"Urbana";"Masculino";"Sempre";"Não fez";1;0,6;0,8;1;0,8;0,6
373;"Bela Vista de Goiás";17;"Rural";"Masculino";"Frequentemente";"Sim, memorial do cerrado";0,8;0,2;0,4;0,6;0,4;0
374;"Bela Vista de Goiás";17;"Urbana";"Masculino";"Ás vezes";"Não fez";1;0,6;0,8;0,8;0,8;0,6
375;"Bela Vista de Goiás";17;"Urbana";"Feminino";"Ás vezes";"Sim, memorial do cerrado";1;0,8;0,4;0,6;0,4;0,6
