"turmas";"especie";"tipo";"value"
1;"aves";"exotica";1
1;"aves";"exotica";1
1;"aves";"exotica";1
1;"aves";"exotica";1
1;"aves";"exotica";1
1;"aves";"exotica";1
1;"aves";"exotica";1
1;"aves";"exotica";0
1;"aves";"exotica";0
1;"aves";"exotica";1
1;"aves";"exotica";0
1;"aves";"exotica";1
1;"aves";"exotica";1
1;"aves";"exotica";1
2;"aves";"exotica";1
2;"aves";"exotica";1
2;"aves";"exotica";0
2;"aves";"exotica";1
2;"aves";"exotica";0
2;"aves";"exotica";1
2;"aves";"exotica";0
2;"aves";"exotica";1
2;"aves";"exotica";1
2;"aves";"exotica";1
2;"aves";"exotica";1
2;"aves";"exotica";1
2;"aves";"exotica";0
2;"aves";"exotica";1
2;"aves";"exotica";1
2;"aves";"exotica";1
2;"aves";"exotica";1
2;"aves";"exotica";1
3;"aves";"exotica";1
3;"aves";"exotica";1
3;"aves";"exotica";1
3;"aves";"exotica";1
3;"aves";"exotica";1
3;"aves";"exotica";0
3;"aves";"exotica";1
3;"aves";"exotica";1
3;"aves";"exotica";1
3;"aves";"exotica";1
3;"aves";"exotica";1
3;"aves";"exotica";1
3;"aves";"exotica";1
3;"aves";"exotica";1
3;"aves";"exotica";1
3;"aves";"exotica";1
3;"aves";"exotica";1
3;"aves";"exotica";1
4;"aves";"exotica";1
4;"aves";"exotica";1
4;"aves";"exotica";1
4;"aves";"exotica";1
4;"aves";"exotica";1
4;"aves";"exotica";0
4;"aves";"exotica";0
4;"aves";"exotica";1
4;"aves";"exotica";1
4;"aves";"exotica";0
4;"aves";"exotica";1
4;"aves";"exotica";1
4;"aves";"exotica";0
4;"aves";"exotica";1
4;"aves";"exotica";0
4;"aves";"exotica";1
4;"aves";"exotica";1
4;"aves";"exotica";0
5;"aves";"exotica";1
5;"aves";"exotica";1
5;"aves";"exotica";1
5;"aves";"exotica";1
5;"aves";"exotica";1
5;"aves";"exotica";1
5;"aves";"exotica";1
5;"aves";"exotica";1
5;"aves";"exotica";1
5;"aves";"exotica";1
5;"aves";"exotica";1
5;"aves";"exotica";1
5;"aves";"exotica";0
5;"aves";"exotica";1
5;"aves";"exotica";1
5;"aves";"exotica";1
6;"aves";"exotica";1
6;"aves";"exotica";1
6;"aves";"exotica";1
6;"aves";"exotica";0
6;"aves";"exotica";1
6;"aves";"exotica";1
6;"aves";"exotica";1
6;"aves";"exotica";1
6;"aves";"exotica";0
6;"aves";"exotica";1
6;"aves";"exotica";1
6;"aves";"exotica";1
6;"aves";"exotica";0
6;"aves";"exotica";1
6;"aves";"exotica";0
6;"aves";"exotica";1
6;"aves";"exotica";0
6;"aves";"exotica";1
6;"aves";"exotica";1
6;"aves";"exotica";0
6;"aves";"exotica";1
6;"aves";"exotica";1
6;"aves";"exotica";1
6;"aves";"exotica";0
6;"aves";"exotica";1
6;"aves";"exotica";1
6;"aves";"exotica";1
7;"aves";"exotica";1
7;"aves";"exotica";1
7;"aves";"exotica";1
7;"aves";"exotica";1
7;"aves";"exotica";1
7;"aves";"exotica";1
7;"aves";"exotica";1
7;"aves";"exotica";1
7;"aves";"exotica";1
7;"aves";"exotica";1
7;"aves";"exotica";1
7;"aves";"exotica";1
7;"aves";"exotica";1
7;"aves";"exotica";1
7;"aves";"exotica";1
7;"aves";"exotica";1
7;"aves";"exotica";1
7;"aves";"exotica";1
7;"aves";"exotica";1
7;"aves";"exotica";1
7;"aves";"exotica";1
8;"aves";"exotica";1
8;"aves";"exotica";0
8;"aves";"exotica";0
8;"aves";"exotica";1
8;"aves";"exotica";1
8;"aves";"exotica";0
8;"aves";"exotica";0
8;"aves";"exotica";0
8;"aves";"exotica";0
8;"aves";"exotica";1
8;"aves";"exotica";1
8;"aves";"exotica";1
8;"aves";"exotica";0
8;"aves";"exotica";1
8;"aves";"exotica";1
8;"aves";"exotica";0
8;"aves";"exotica";1
8;"aves";"exotica";1
8;"aves";"exotica";0
8;"aves";"exotica";0
8;"aves";"exotica";0
8;"aves";"exotica";1
8;"aves";"exotica";0
8;"aves";"exotica";0
8;"aves";"exotica";1
8;"aves";"exotica";1
8;"aves";"exotica";0
9;"aves";"exotica";1
9;"aves";"exotica";1
9;"aves";"exotica";1
9;"aves";"exotica";1
9;"aves";"exotica";1
9;"aves";"exotica";1
9;"aves";"exotica";1
9;"aves";"exotica";1
9;"aves";"exotica";1
9;"aves";"exotica";1
9;"aves";"exotica";1
9;"aves";"exotica";0
9;"aves";"exotica";1
9;"aves";"exotica";1
9;"aves";"exotica";0
9;"aves";"exotica";0
9;"aves";"exotica";1
9;"aves";"exotica";0
9;"aves";"exotica";0
9;"aves";"exotica";1
9;"aves";"exotica";1
9;"aves";"exotica";1
9;"aves";"exotica";1
10;"aves";"exotica";0
10;"aves";"exotica";1
10;"aves";"exotica";1
10;"aves";"exotica";1
10;"aves";"exotica";1
10;"aves";"exotica";1
10;"aves";"exotica";0
10;"aves";"exotica";1
10;"aves";"exotica";1
10;"aves";"exotica";1
10;"aves";"exotica";1
10;"aves";"exotica";1
10;"aves";"exotica";1
10;"aves";"exotica";0
10;"aves";"exotica";1
10;"aves";"exotica";1
10;"aves";"exotica";1
10;"aves";"exotica";1
10;"aves";"exotica";1
10;"aves";"exotica";1
10;"aves";"exotica";1
10;"aves";"exotica";1
11;"aves";"exotica";0
11;"aves";"exotica";0
11;"aves";"exotica";0
11;"aves";"exotica";1
11;"aves";"exotica";1
11;"aves";"exotica";0
11;"aves";"exotica";0
11;"aves";"exotica";0
11;"aves";"exotica";1
11;"aves";"exotica";1
11;"aves";"exotica";1
11;"aves";"exotica";0
11;"aves";"exotica";1
11;"aves";"exotica";1
11;"aves";"exotica";1
11;"aves";"exotica";1
11;"aves";"exotica";1
11;"aves";"exotica";1
11;"aves";"exotica";1
11;"aves";"exotica";1
11;"aves";"exotica";1
11;"aves";"exotica";1
11;"aves";"exotica";0
12;"aves";"exotica";1
12;"aves";"exotica";1
12;"aves";"exotica";1
12;"aves";"exotica";1
12;"aves";"exotica";1
12;"aves";"exotica";1
12;"aves";"exotica";1
12;"aves";"exotica";0
12;"aves";"exotica";1
12;"aves";"exotica";1
12;"aves";"exotica";1
12;"aves";"exotica";1
12;"aves";"exotica";1
12;"aves";"exotica";1
12;"aves";"exotica";1
12;"aves";"exotica";1
12;"aves";"exotica";1
12;"aves";"exotica";1
12;"aves";"exotica";1
12;"aves";"exotica";1
13;"aves";"exotica";1
13;"aves";"exotica";1
13;"aves";"exotica";1
13;"aves";"exotica";1
13;"aves";"exotica";0
13;"aves";"exotica";1
13;"aves";"exotica";1
13;"aves";"exotica";1
13;"aves";"exotica";1
13;"aves";"exotica";1
13;"aves";"exotica";1
13;"aves";"exotica";1
13;"aves";"exotica";1
13;"aves";"exotica";1
13;"aves";"exotica";1
13;"aves";"exotica";1
13;"aves";"exotica";1
13;"aves";"exotica";1
13;"aves";"exotica";1
13;"aves";"exotica";0
13;"aves";"exotica";1
14;"aves";"exotica";0
14;"aves";"exotica";1
14;"aves";"exotica";1
14;"aves";"exotica";1
14;"aves";"exotica";1
14;"aves";"exotica";1
14;"aves";"exotica";1
14;"aves";"exotica";1
14;"aves";"exotica";1
14;"aves";"exotica";1
14;"aves";"exotica";1
14;"aves";"exotica";1
14;"aves";"exotica";1
14;"aves";"exotica";0
14;"aves";"exotica";0
15;"aves";"exotica";1
15;"aves";"exotica";1
15;"aves";"exotica";1
15;"aves";"exotica";1
15;"aves";"exotica";1
15;"aves";"exotica";1
15;"aves";"exotica";1
15;"aves";"exotica";0
15;"aves";"exotica";1
15;"aves";"exotica";1
15;"aves";"exotica";1
15;"aves";"exotica";1
15;"aves";"exotica";1
15;"aves";"exotica";1
15;"aves";"exotica";1
15;"aves";"exotica";0
15;"aves";"exotica";1
15;"aves";"exotica";1
15;"aves";"exotica";1
15;"aves";"exotica";1
15;"aves";"exotica";1
15;"aves";"exotica";1
15;"aves";"exotica";1
15;"aves";"exotica";0
15;"aves";"exotica";1
16;"aves";"exotica";1
16;"aves";"exotica";1
16;"aves";"exotica";1
16;"aves";"exotica";1
16;"aves";"exotica";1
16;"aves";"exotica";1
16;"aves";"exotica";1
16;"aves";"exotica";1
16;"aves";"exotica";1
16;"aves";"exotica";1
16;"aves";"exotica";1
16;"aves";"exotica";1
16;"aves";"exotica";1
16;"aves";"exotica";1
16;"aves";"exotica";1
16;"aves";"exotica";1
16;"aves";"exotica";1
16;"aves";"exotica";1
16;"aves";"exotica";1
16;"aves";"exotica";1
16;"aves";"exotica";1
16;"aves";"exotica";1
16;"aves";"exotica";0
16;"aves";"exotica";1
17;"aves";"exotica";1
17;"aves";"exotica";1
17;"aves";"exotica";1
17;"aves";"exotica";1
17;"aves";"exotica";1
17;"aves";"exotica";1
17;"aves";"exotica";1
17;"aves";"exotica";1
17;"aves";"exotica";0
17;"aves";"exotica";0
17;"aves";"exotica";1
17;"aves";"exotica";1
17;"aves";"exotica";1
17;"aves";"exotica";1
17;"aves";"exotica";1
17;"aves";"exotica";1
17;"aves";"exotica";1
17;"aves";"exotica";0
17;"aves";"exotica";0
17;"aves";"exotica";0
17;"aves";"exotica";1
17;"aves";"exotica";1
17;"aves";"exotica";0
17;"aves";"exotica";1
17;"aves";"exotica";0
17;"aves";"exotica";1
17;"aves";"exotica";1
17;"aves";"exotica";1
17;"aves";"exotica";1
17;"aves";"exotica";1
17;"aves";"exotica";0
17;"aves";"exotica";1
17;"aves";"exotica";1
17;"aves";"exotica";1
17;"aves";"exotica";1
1;"invertebrado";"exotica";1
1;"invertebrado";"exotica";1
1;"invertebrado";"exotica";1
1;"invertebrado";"exotica";1
1;"invertebrado";"exotica";0
1;"invertebrado";"exotica";0
1;"invertebrado";"exotica";0
1;"invertebrado";"exotica";0
1;"invertebrado";"exotica";0
1;"invertebrado";"exotica";0
1;"invertebrado";"exotica";0
1;"invertebrado";"exotica";1
1;"invertebrado";"exotica";0
1;"invertebrado";"exotica";1
2;"invertebrado";"exotica";1
2;"invertebrado";"exotica";0
2;"invertebrado";"exotica";1
2;"invertebrado";"exotica";1
2;"invertebrado";"exotica";1
2;"invertebrado";"exotica";1
2;"invertebrado";"exotica";1
2;"invertebrado";"exotica";1
2;"invertebrado";"exotica";1
2;"invertebrado";"exotica";1
2;"invertebrado";"exotica";0
2;"invertebrado";"exotica";1
2;"invertebrado";"exotica";1
2;"invertebrado";"exotica";1
2;"invertebrado";"exotica";1
2;"invertebrado";"exotica";1
2;"invertebrado";"exotica";0
2;"invertebrado";"exotica";1
3;"invertebrado";"exotica";0
3;"invertebrado";"exotica";0
3;"invertebrado";"exotica";0
3;"invertebrado";"exotica";0
3;"invertebrado";"exotica";0
3;"invertebrado";"exotica";0
3;"invertebrado";"exotica";0
3;"invertebrado";"exotica";0
3;"invertebrado";"exotica";0
3;"invertebrado";"exotica";0
3;"invertebrado";"exotica";0
3;"invertebrado";"exotica";0
3;"invertebrado";"exotica";0
3;"invertebrado";"exotica";0
3;"invertebrado";"exotica";0
3;"invertebrado";"exotica";0
3;"invertebrado";"exotica";0
3;"invertebrado";"exotica";0
4;"invertebrado";"exotica";0
4;"invertebrado";"exotica";1
4;"invertebrado";"exotica";0
4;"invertebrado";"exotica";1
4;"invertebrado";"exotica";1
4;"invertebrado";"exotica";0
4;"invertebrado";"exotica";1
4;"invertebrado";"exotica";0
4;"invertebrado";"exotica";1
4;"invertebrado";"exotica";0
4;"invertebrado";"exotica";0
4;"invertebrado";"exotica";1
4;"invertebrado";"exotica";1
4;"invertebrado";"exotica";1
4;"invertebrado";"exotica";0
4;"invertebrado";"exotica";0
4;"invertebrado";"exotica";0
4;"invertebrado";"exotica";0
5;"invertebrado";"exotica";1
5;"invertebrado";"exotica";1
5;"invertebrado";"exotica";1
5;"invertebrado";"exotica";1
5;"invertebrado";"exotica";1
5;"invertebrado";"exotica";1
5;"invertebrado";"exotica";0
5;"invertebrado";"exotica";1
5;"invertebrado";"exotica";1
5;"invertebrado";"exotica";1
5;"invertebrado";"exotica";1
5;"invertebrado";"exotica";1
5;"invertebrado";"exotica";1
5;"invertebrado";"exotica";1
5;"invertebrado";"exotica";1
5;"invertebrado";"exotica";1
6;"invertebrado";"exotica";1
6;"invertebrado";"exotica";0
6;"invertebrado";"exotica";1
6;"invertebrado";"exotica";1
6;"invertebrado";"exotica";1
6;"invertebrado";"exotica";1
6;"invertebrado";"exotica";1
6;"invertebrado";"exotica";1
6;"invertebrado";"exotica";1
6;"invertebrado";"exotica";1
6;"invertebrado";"exotica";1
6;"invertebrado";"exotica";1
6;"invertebrado";"exotica";1
6;"invertebrado";"exotica";0
6;"invertebrado";"exotica";1
6;"invertebrado";"exotica";1
6;"invertebrado";"exotica";0
6;"invertebrado";"exotica";1
6;"invertebrado";"exotica";1
6;"invertebrado";"exotica";1
6;"invertebrado";"exotica";1
6;"invertebrado";"exotica";1
6;"invertebrado";"exotica";1
6;"invertebrado";"exotica";0
6;"invertebrado";"exotica";1
6;"invertebrado";"exotica";1
6;"invertebrado";"exotica";1
7;"invertebrado";"exotica";0
7;"invertebrado";"exotica";0
7;"invertebrado";"exotica";0
7;"invertebrado";"exotica";0
7;"invertebrado";"exotica";0
7;"invertebrado";"exotica";0
7;"invertebrado";"exotica";0
7;"invertebrado";"exotica";0
7;"invertebrado";"exotica";0
7;"invertebrado";"exotica";0
7;"invertebrado";"exotica";0
7;"invertebrado";"exotica";0
7;"invertebrado";"exotica";0
7;"invertebrado";"exotica";0
7;"invertebrado";"exotica";0
7;"invertebrado";"exotica";0
7;"invertebrado";"exotica";0
7;"invertebrado";"exotica";0
7;"invertebrado";"exotica";0
7;"invertebrado";"exotica";0
7;"invertebrado";"exotica";0
8;"invertebrado";"exotica";0
8;"invertebrado";"exotica";0
8;"invertebrado";"exotica";0
8;"invertebrado";"exotica";1
8;"invertebrado";"exotica";1
8;"invertebrado";"exotica";1
8;"invertebrado";"exotica";0
8;"invertebrado";"exotica";1
8;"invertebrado";"exotica";0
8;"invertebrado";"exotica";0
8;"invertebrado";"exotica";0
8;"invertebrado";"exotica";0
8;"invertebrado";"exotica";1
8;"invertebrado";"exotica";0
8;"invertebrado";"exotica";0
8;"invertebrado";"exotica";0
8;"invertebrado";"exotica";1
8;"invertebrado";"exotica";1
8;"invertebrado";"exotica";0
8;"invertebrado";"exotica";0
8;"invertebrado";"exotica";1
8;"invertebrado";"exotica";1
8;"invertebrado";"exotica";0
8;"invertebrado";"exotica";0
8;"invertebrado";"exotica";1
8;"invertebrado";"exotica";0
8;"invertebrado";"exotica";0
9;"invertebrado";"exotica";1
9;"invertebrado";"exotica";1
9;"invertebrado";"exotica";1
9;"invertebrado";"exotica";1
9;"invertebrado";"exotica";1
9;"invertebrado";"exotica";1
9;"invertebrado";"exotica";1
9;"invertebrado";"exotica";1
9;"invertebrado";"exotica";0
9;"invertebrado";"exotica";1
9;"invertebrado";"exotica";1
9;"invertebrado";"exotica";1
9;"invertebrado";"exotica";0
9;"invertebrado";"exotica";0
9;"invertebrado";"exotica";0
9;"invertebrado";"exotica";1
9;"invertebrado";"exotica";0
9;"invertebrado";"exotica";1
9;"invertebrado";"exotica";1
9;"invertebrado";"exotica";0
9;"invertebrado";"exotica";1
9;"invertebrado";"exotica";0
9;"invertebrado";"exotica";1
10;"invertebrado";"exotica";1
10;"invertebrado";"exotica";1
10;"invertebrado";"exotica";1
10;"invertebrado";"exotica";1
10;"invertebrado";"exotica";1
10;"invertebrado";"exotica";1
10;"invertebrado";"exotica";1
10;"invertebrado";"exotica";1
10;"invertebrado";"exotica";1
10;"invertebrado";"exotica";1
10;"invertebrado";"exotica";1
10;"invertebrado";"exotica";1
10;"invertebrado";"exotica";0
10;"invertebrado";"exotica";0
10;"invertebrado";"exotica";0
10;"invertebrado";"exotica";0
10;"invertebrado";"exotica";0
10;"invertebrado";"exotica";0
10;"invertebrado";"exotica";0
10;"invertebrado";"exotica";0
10;"invertebrado";"exotica";0
10;"invertebrado";"exotica";0
11;"invertebrado";"exotica";1
11;"invertebrado";"exotica";1
11;"invertebrado";"exotica";1
11;"invertebrado";"exotica";1
11;"invertebrado";"exotica";0
11;"invertebrado";"exotica";1
11;"invertebrado";"exotica";0
11;"invertebrado";"exotica";1
11;"invertebrado";"exotica";1
11;"invertebrado";"exotica";1
11;"invertebrado";"exotica";1
11;"invertebrado";"exotica";0
11;"invertebrado";"exotica";0
11;"invertebrado";"exotica";1
11;"invertebrado";"exotica";1
11;"invertebrado";"exotica";1
11;"invertebrado";"exotica";0
11;"invertebrado";"exotica";1
11;"invertebrado";"exotica";0
11;"invertebrado";"exotica";1
11;"invertebrado";"exotica";1
11;"invertebrado";"exotica";1
11;"invertebrado";"exotica";1
12;"invertebrado";"exotica";1
12;"invertebrado";"exotica";1
12;"invertebrado";"exotica";1
12;"invertebrado";"exotica";1
12;"invertebrado";"exotica";0
12;"invertebrado";"exotica";1
12;"invertebrado";"exotica";1
12;"invertebrado";"exotica";1
12;"invertebrado";"exotica";1
12;"invertebrado";"exotica";1
12;"invertebrado";"exotica";1
12;"invertebrado";"exotica";1
12;"invertebrado";"exotica";1
12;"invertebrado";"exotica";1
12;"invertebrado";"exotica";1
12;"invertebrado";"exotica";1
12;"invertebrado";"exotica";1
12;"invertebrado";"exotica";1
12;"invertebrado";"exotica";1
12;"invertebrado";"exotica";0
13;"invertebrado";"exotica";0
13;"invertebrado";"exotica";0
13;"invertebrado";"exotica";0
13;"invertebrado";"exotica";0
13;"invertebrado";"exotica";0
13;"invertebrado";"exotica";0
13;"invertebrado";"exotica";0
13;"invertebrado";"exotica";0
13;"invertebrado";"exotica";0
13;"invertebrado";"exotica";0
13;"invertebrado";"exotica";0
13;"invertebrado";"exotica";0
13;"invertebrado";"exotica";0
13;"invertebrado";"exotica";0
13;"invertebrado";"exotica";0
13;"invertebrado";"exotica";0
13;"invertebrado";"exotica";0
13;"invertebrado";"exotica";0
13;"invertebrado";"exotica";0
13;"invertebrado";"exotica";0
13;"invertebrado";"exotica";0
14;"invertebrado";"exotica";1
14;"invertebrado";"exotica";0
14;"invertebrado";"exotica";0
14;"invertebrado";"exotica";1
14;"invertebrado";"exotica";0
14;"invertebrado";"exotica";1
14;"invertebrado";"exotica";0
14;"invertebrado";"exotica";0
14;"invertebrado";"exotica";0
14;"invertebrado";"exotica";0
14;"invertebrado";"exotica";0
14;"invertebrado";"exotica";0
14;"invertebrado";"exotica";1
14;"invertebrado";"exotica";0
14;"invertebrado";"exotica";0
15;"invertebrado";"exotica";0
15;"invertebrado";"exotica";1
15;"invertebrado";"exotica";1
15;"invertebrado";"exotica";0
15;"invertebrado";"exotica";0
15;"invertebrado";"exotica";1
15;"invertebrado";"exotica";0
15;"invertebrado";"exotica";0
15;"invertebrado";"exotica";0
15;"invertebrado";"exotica";1
15;"invertebrado";"exotica";1
15;"invertebrado";"exotica";1
15;"invertebrado";"exotica";1
15;"invertebrado";"exotica";1
15;"invertebrado";"exotica";1
15;"invertebrado";"exotica";1
15;"invertebrado";"exotica";1
15;"invertebrado";"exotica";1
15;"invertebrado";"exotica";1
15;"invertebrado";"exotica";1
15;"invertebrado";"exotica";1
15;"invertebrado";"exotica";1
15;"invertebrado";"exotica";1
15;"invertebrado";"exotica";1
15;"invertebrado";"exotica";1
16;"invertebrado";"exotica";1
16;"invertebrado";"exotica";1
16;"invertebrado";"exotica";1
16;"invertebrado";"exotica";1
16;"invertebrado";"exotica";1
16;"invertebrado";"exotica";1
16;"invertebrado";"exotica";1
16;"invertebrado";"exotica";1
16;"invertebrado";"exotica";1
16;"invertebrado";"exotica";1
16;"invertebrado";"exotica";1
16;"invertebrado";"exotica";1
16;"invertebrado";"exotica";1
16;"invertebrado";"exotica";1
16;"invertebrado";"exotica";1
16;"invertebrado";"exotica";1
16;"invertebrado";"exotica";1
16;"invertebrado";"exotica";1
16;"invertebrado";"exotica";1
16;"invertebrado";"exotica";1
16;"invertebrado";"exotica";1
16;"invertebrado";"exotica";1
16;"invertebrado";"exotica";1
16;"invertebrado";"exotica";1
17;"invertebrado";"exotica";1
17;"invertebrado";"exotica";1
17;"invertebrado";"exotica";0
17;"invertebrado";"exotica";0
17;"invertebrado";"exotica";0
17;"invertebrado";"exotica";0
17;"invertebrado";"exotica";0
17;"invertebrado";"exotica";0
17;"invertebrado";"exotica";0
17;"invertebrado";"exotica";0
17;"invertebrado";"exotica";0
17;"invertebrado";"exotica";0
17;"invertebrado";"exotica";0
17;"invertebrado";"exotica";0
17;"invertebrado";"exotica";0
17;"invertebrado";"exotica";0
17;"invertebrado";"exotica";0
17;"invertebrado";"exotica";0
17;"invertebrado";"exotica";0
17;"invertebrado";"exotica";0
17;"invertebrado";"exotica";0
17;"invertebrado";"exotica";0
17;"invertebrado";"exotica";0
17;"invertebrado";"exotica";0
17;"invertebrado";"exotica";0
17;"invertebrado";"exotica";0
17;"invertebrado";"exotica";1
17;"invertebrado";"exotica";0
17;"invertebrado";"exotica";1
17;"invertebrado";"exotica";1
17;"invertebrado";"exotica";1
17;"invertebrado";"exotica";1
17;"invertebrado";"exotica";0
17;"invertebrado";"exotica";1
17;"invertebrado";"exotica";1
1;"mamifero";"exotica";1
1;"mamifero";"exotica";1
1;"mamifero";"exotica";1
1;"mamifero";"exotica";1
1;"mamifero";"exotica";1
1;"mamifero";"exotica";1
1;"mamifero";"exotica";1
1;"mamifero";"exotica";0
1;"mamifero";"exotica";1
1;"mamifero";"exotica";1
1;"mamifero";"exotica";0
1;"mamifero";"exotica";1
1;"mamifero";"exotica";1
1;"mamifero";"exotica";1
2;"mamifero";"exotica";1
2;"mamifero";"exotica";1
2;"mamifero";"exotica";1
2;"mamifero";"exotica";1
2;"mamifero";"exotica";1
2;"mamifero";"exotica";1
2;"mamifero";"exotica";0
2;"mamifero";"exotica";1
2;"mamifero";"exotica";1
2;"mamifero";"exotica";1
2;"mamifero";"exotica";0
2;"mamifero";"exotica";1
2;"mamifero";"exotica";1
2;"mamifero";"exotica";1
2;"mamifero";"exotica";1
2;"mamifero";"exotica";1
2;"mamifero";"exotica";1
2;"mamifero";"exotica";1
3;"mamifero";"exotica";1
3;"mamifero";"exotica";0
3;"mamifero";"exotica";1
3;"mamifero";"exotica";1
3;"mamifero";"exotica";1
3;"mamifero";"exotica";1
3;"mamifero";"exotica";1
3;"mamifero";"exotica";1
3;"mamifero";"exotica";1
3;"mamifero";"exotica";1
3;"mamifero";"exotica";1
3;"mamifero";"exotica";1
3;"mamifero";"exotica";1
3;"mamifero";"exotica";1
3;"mamifero";"exotica";1
3;"mamifero";"exotica";1
3;"mamifero";"exotica";1
3;"mamifero";"exotica";1
4;"mamifero";"exotica";1
4;"mamifero";"exotica";0
4;"mamifero";"exotica";1
4;"mamifero";"exotica";0
4;"mamifero";"exotica";1
4;"mamifero";"exotica";1
4;"mamifero";"exotica";0
4;"mamifero";"exotica";1
4;"mamifero";"exotica";1
4;"mamifero";"exotica";0
4;"mamifero";"exotica";0
4;"mamifero";"exotica";1
4;"mamifero";"exotica";0
4;"mamifero";"exotica";1
4;"mamifero";"exotica";1
4;"mamifero";"exotica";1
4;"mamifero";"exotica";1
4;"mamifero";"exotica";0
5;"mamifero";"exotica";1
5;"mamifero";"exotica";1
5;"mamifero";"exotica";1
5;"mamifero";"exotica";1
5;"mamifero";"exotica";1
5;"mamifero";"exotica";1
5;"mamifero";"exotica";1
5;"mamifero";"exotica";0
5;"mamifero";"exotica";1
5;"mamifero";"exotica";1
5;"mamifero";"exotica";1
5;"mamifero";"exotica";1
5;"mamifero";"exotica";1
5;"mamifero";"exotica";1
5;"mamifero";"exotica";1
5;"mamifero";"exotica";1
6;"mamifero";"exotica";1
6;"mamifero";"exotica";1
6;"mamifero";"exotica";0
6;"mamifero";"exotica";1
6;"mamifero";"exotica";1
6;"mamifero";"exotica";1
6;"mamifero";"exotica";1
6;"mamifero";"exotica";1
6;"mamifero";"exotica";1
6;"mamifero";"exotica";1
6;"mamifero";"exotica";1
6;"mamifero";"exotica";1
6;"mamifero";"exotica";1
6;"mamifero";"exotica";1
6;"mamifero";"exotica";0
6;"mamifero";"exotica";1
6;"mamifero";"exotica";1
6;"mamifero";"exotica";1
6;"mamifero";"exotica";1
6;"mamifero";"exotica";1
6;"mamifero";"exotica";1
6;"mamifero";"exotica";0
6;"mamifero";"exotica";1
6;"mamifero";"exotica";1
6;"mamifero";"exotica";1
6;"mamifero";"exotica";1
6;"mamifero";"exotica";1
7;"mamifero";"exotica";1
7;"mamifero";"exotica";1
7;"mamifero";"exotica";1
7;"mamifero";"exotica";1
7;"mamifero";"exotica";1
7;"mamifero";"exotica";1
7;"mamifero";"exotica";1
7;"mamifero";"exotica";1
7;"mamifero";"exotica";1
7;"mamifero";"exotica";1
7;"mamifero";"exotica";1
7;"mamifero";"exotica";1
7;"mamifero";"exotica";1
7;"mamifero";"exotica";1
7;"mamifero";"exotica";1
7;"mamifero";"exotica";1
7;"mamifero";"exotica";1
7;"mamifero";"exotica";1
7;"mamifero";"exotica";1
7;"mamifero";"exotica";1
7;"mamifero";"exotica";1
8;"mamifero";"exotica";0
8;"mamifero";"exotica";0
8;"mamifero";"exotica";1
8;"mamifero";"exotica";0
8;"mamifero";"exotica";0
8;"mamifero";"exotica";1
8;"mamifero";"exotica";0
8;"mamifero";"exotica";1
8;"mamifero";"exotica";0
8;"mamifero";"exotica";1
8;"mamifero";"exotica";0
8;"mamifero";"exotica";1
8;"mamifero";"exotica";0
8;"mamifero";"exotica";1
8;"mamifero";"exotica";0
8;"mamifero";"exotica";1
8;"mamifero";"exotica";1
8;"mamifero";"exotica";1
8;"mamifero";"exotica";1
8;"mamifero";"exotica";0
8;"mamifero";"exotica";0
8;"mamifero";"exotica";1
8;"mamifero";"exotica";0
8;"mamifero";"exotica";0
8;"mamifero";"exotica";0
8;"mamifero";"exotica";1
8;"mamifero";"exotica";0
9;"mamifero";"exotica";1
9;"mamifero";"exotica";1
9;"mamifero";"exotica";1
9;"mamifero";"exotica";1
9;"mamifero";"exotica";1
9;"mamifero";"exotica";1
9;"mamifero";"exotica";1
9;"mamifero";"exotica";1
9;"mamifero";"exotica";1
9;"mamifero";"exotica";1
9;"mamifero";"exotica";1
9;"mamifero";"exotica";1
9;"mamifero";"exotica";1
9;"mamifero";"exotica";1
9;"mamifero";"exotica";1
9;"mamifero";"exotica";1
9;"mamifero";"exotica";1
9;"mamifero";"exotica";1
9;"mamifero";"exotica";1
9;"mamifero";"exotica";1
9;"mamifero";"exotica";1
9;"mamifero";"exotica";1
9;"mamifero";"exotica";1
10;"mamifero";"exotica";1
10;"mamifero";"exotica";1
10;"mamifero";"exotica";1
10;"mamifero";"exotica";1
10;"mamifero";"exotica";1
10;"mamifero";"exotica";1
10;"mamifero";"exotica";1
10;"mamifero";"exotica";1
10;"mamifero";"exotica";1
10;"mamifero";"exotica";1
10;"mamifero";"exotica";1
10;"mamifero";"exotica";1
10;"mamifero";"exotica";1
10;"mamifero";"exotica";1
10;"mamifero";"exotica";1
10;"mamifero";"exotica";1
10;"mamifero";"exotica";1
10;"mamifero";"exotica";1
10;"mamifero";"exotica";1
10;"mamifero";"exotica";1
10;"mamifero";"exotica";1
10;"mamifero";"exotica";1
11;"mamifero";"exotica";1
11;"mamifero";"exotica";0
11;"mamifero";"exotica";0
11;"mamifero";"exotica";1
11;"mamifero";"exotica";0
11;"mamifero";"exotica";0
11;"mamifero";"exotica";1
11;"mamifero";"exotica";0
11;"mamifero";"exotica";0
11;"mamifero";"exotica";0
11;"mamifero";"exotica";1
11;"mamifero";"exotica";1
11;"mamifero";"exotica";1
11;"mamifero";"exotica";1
11;"mamifero";"exotica";1
11;"mamifero";"exotica";1
11;"mamifero";"exotica";1
11;"mamifero";"exotica";1
11;"mamifero";"exotica";0
11;"mamifero";"exotica";1
11;"mamifero";"exotica";1
11;"mamifero";"exotica";1
11;"mamifero";"exotica";1
12;"mamifero";"exotica";1
12;"mamifero";"exotica";1
12;"mamifero";"exotica";1
12;"mamifero";"exotica";1
12;"mamifero";"exotica";1
12;"mamifero";"exotica";1
12;"mamifero";"exotica";1
12;"mamifero";"exotica";0
12;"mamifero";"exotica";1
12;"mamifero";"exotica";1
12;"mamifero";"exotica";1
12;"mamifero";"exotica";1
12;"mamifero";"exotica";0
12;"mamifero";"exotica";1
12;"mamifero";"exotica";1
12;"mamifero";"exotica";1
12;"mamifero";"exotica";1
12;"mamifero";"exotica";1
12;"mamifero";"exotica";1
12;"mamifero";"exotica";1
13;"mamifero";"exotica";1
13;"mamifero";"exotica";1
13;"mamifero";"exotica";1
13;"mamifero";"exotica";1
13;"mamifero";"exotica";0
13;"mamifero";"exotica";1
13;"mamifero";"exotica";1
13;"mamifero";"exotica";0
13;"mamifero";"exotica";1
13;"mamifero";"exotica";1
13;"mamifero";"exotica";0
13;"mamifero";"exotica";1
13;"mamifero";"exotica";1
13;"mamifero";"exotica";1
13;"mamifero";"exotica";1
13;"mamifero";"exotica";1
13;"mamifero";"exotica";1
13;"mamifero";"exotica";1
13;"mamifero";"exotica";1
13;"mamifero";"exotica";0
13;"mamifero";"exotica";1
14;"mamifero";"exotica";1
14;"mamifero";"exotica";1
14;"mamifero";"exotica";0
14;"mamifero";"exotica";1
14;"mamifero";"exotica";1
14;"mamifero";"exotica";0
14;"mamifero";"exotica";0
14;"mamifero";"exotica";0
14;"mamifero";"exotica";0
14;"mamifero";"exotica";0
14;"mamifero";"exotica";0
14;"mamifero";"exotica";0
14;"mamifero";"exotica";1
14;"mamifero";"exotica";0
14;"mamifero";"exotica";1
15;"mamifero";"exotica";1
15;"mamifero";"exotica";1
15;"mamifero";"exotica";1
15;"mamifero";"exotica";1
15;"mamifero";"exotica";1
15;"mamifero";"exotica";1
15;"mamifero";"exotica";1
15;"mamifero";"exotica";1
15;"mamifero";"exotica";1
15;"mamifero";"exotica";1
15;"mamifero";"exotica";1
15;"mamifero";"exotica";1
15;"mamifero";"exotica";1
15;"mamifero";"exotica";1
15;"mamifero";"exotica";1
15;"mamifero";"exotica";1
15;"mamifero";"exotica";1
15;"mamifero";"exotica";1
15;"mamifero";"exotica";1
15;"mamifero";"exotica";1
15;"mamifero";"exotica";1
15;"mamifero";"exotica";1
15;"mamifero";"exotica";1
15;"mamifero";"exotica";1
15;"mamifero";"exotica";1
16;"mamifero";"exotica";1
16;"mamifero";"exotica";1
16;"mamifero";"exotica";1
16;"mamifero";"exotica";1
16;"mamifero";"exotica";1
16;"mamifero";"exotica";1
16;"mamifero";"exotica";1
16;"mamifero";"exotica";1
16;"mamifero";"exotica";1
16;"mamifero";"exotica";1
16;"mamifero";"exotica";1
16;"mamifero";"exotica";1
16;"mamifero";"exotica";1
16;"mamifero";"exotica";1
16;"mamifero";"exotica";1
16;"mamifero";"exotica";1
16;"mamifero";"exotica";1
16;"mamifero";"exotica";1
16;"mamifero";"exotica";1
16;"mamifero";"exotica";1
16;"mamifero";"exotica";1
16;"mamifero";"exotica";1
16;"mamifero";"exotica";1
16;"mamifero";"exotica";1
17;"mamifero";"exotica";1
17;"mamifero";"exotica";1
17;"mamifero";"exotica";1
17;"mamifero";"exotica";1
17;"mamifero";"exotica";0
17;"mamifero";"exotica";1
17;"mamifero";"exotica";1
17;"mamifero";"exotica";1
17;"mamifero";"exotica";1
17;"mamifero";"exotica";1
17;"mamifero";"exotica";1
17;"mamifero";"exotica";1
17;"mamifero";"exotica";1
17;"mamifero";"exotica";1
17;"mamifero";"exotica";1
17;"mamifero";"exotica";1
17;"mamifero";"exotica";1
17;"mamifero";"exotica";0
17;"mamifero";"exotica";1
17;"mamifero";"exotica";0
17;"mamifero";"exotica";0
17;"mamifero";"exotica";0
17;"mamifero";"exotica";1
17;"mamifero";"exotica";1
17;"mamifero";"exotica";1
17;"mamifero";"exotica";0
17;"mamifero";"exotica";1
17;"mamifero";"exotica";0
17;"mamifero";"exotica";1
17;"mamifero";"exotica";1
17;"mamifero";"exotica";1
17;"mamifero";"exotica";1
17;"mamifero";"exotica";1
17;"mamifero";"exotica";1
17;"mamifero";"exotica";1
1;"peixe";"exotica";1
1;"peixe";"exotica";1
1;"peixe";"exotica";1
1;"peixe";"exotica";1
1;"peixe";"exotica";1
1;"peixe";"exotica";0
1;"peixe";"exotica";0
1;"peixe";"exotica";1
1;"peixe";"exotica";1
1;"peixe";"exotica";1
1;"peixe";"exotica";1
1;"peixe";"exotica";1
1;"peixe";"exotica";1
1;"peixe";"exotica";1
2;"peixe";"exotica";0
2;"peixe";"exotica";0
2;"peixe";"exotica";1
2;"peixe";"exotica";1
2;"peixe";"exotica";1
2;"peixe";"exotica";0
2;"peixe";"exotica";1
2;"peixe";"exotica";1
2;"peixe";"exotica";1
2;"peixe";"exotica";1
2;"peixe";"exotica";0
2;"peixe";"exotica";1
2;"peixe";"exotica";1
2;"peixe";"exotica";1
2;"peixe";"exotica";0
2;"peixe";"exotica";1
2;"peixe";"exotica";0
2;"peixe";"exotica";1
3;"peixe";"exotica";1
3;"peixe";"exotica";1
3;"peixe";"exotica";0
3;"peixe";"exotica";1
3;"peixe";"exotica";1
3;"peixe";"exotica";1
3;"peixe";"exotica";1
3;"peixe";"exotica";1
3;"peixe";"exotica";1
3;"peixe";"exotica";0
3;"peixe";"exotica";1
3;"peixe";"exotica";0
3;"peixe";"exotica";0
3;"peixe";"exotica";0
3;"peixe";"exotica";0
3;"peixe";"exotica";1
3;"peixe";"exotica";1
3;"peixe";"exotica";1
4;"peixe";"exotica";1
4;"peixe";"exotica";1
4;"peixe";"exotica";1
4;"peixe";"exotica";1
4;"peixe";"exotica";1
4;"peixe";"exotica";1
4;"peixe";"exotica";0
4;"peixe";"exotica";0
4;"peixe";"exotica";1
4;"peixe";"exotica";1
4;"peixe";"exotica";0
4;"peixe";"exotica";0
4;"peixe";"exotica";1
4;"peixe";"exotica";0
4;"peixe";"exotica";1
4;"peixe";"exotica";1
4;"peixe";"exotica";1
4;"peixe";"exotica";1
5;"peixe";"exotica";1
5;"peixe";"exotica";1
5;"peixe";"exotica";1
5;"peixe";"exotica";1
5;"peixe";"exotica";1
5;"peixe";"exotica";1
5;"peixe";"exotica";1
5;"peixe";"exotica";1
5;"peixe";"exotica";1
5;"peixe";"exotica";1
5;"peixe";"exotica";1
5;"peixe";"exotica";1
5;"peixe";"exotica";1
5;"peixe";"exotica";1
5;"peixe";"exotica";1
5;"peixe";"exotica";1
6;"peixe";"exotica";1
6;"peixe";"exotica";1
6;"peixe";"exotica";0
6;"peixe";"exotica";1
6;"peixe";"exotica";1
6;"peixe";"exotica";1
6;"peixe";"exotica";1
6;"peixe";"exotica";1
6;"peixe";"exotica";1
6;"peixe";"exotica";1
6;"peixe";"exotica";1
6;"peixe";"exotica";1
6;"peixe";"exotica";1
6;"peixe";"exotica";1
6;"peixe";"exotica";1
6;"peixe";"exotica";1
6;"peixe";"exotica";1
6;"peixe";"exotica";1
6;"peixe";"exotica";1
6;"peixe";"exotica";1
6;"peixe";"exotica";1
6;"peixe";"exotica";1
6;"peixe";"exotica";1
6;"peixe";"exotica";0
6;"peixe";"exotica";1
6;"peixe";"exotica";0
6;"peixe";"exotica";1
7;"peixe";"exotica";1
7;"peixe";"exotica";1
7;"peixe";"exotica";1
7;"peixe";"exotica";1
7;"peixe";"exotica";1
7;"peixe";"exotica";1
7;"peixe";"exotica";1
7;"peixe";"exotica";1
7;"peixe";"exotica";0
7;"peixe";"exotica";1
7;"peixe";"exotica";1
7;"peixe";"exotica";1
7;"peixe";"exotica";0
7;"peixe";"exotica";0
7;"peixe";"exotica";1
7;"peixe";"exotica";1
7;"peixe";"exotica";1
7;"peixe";"exotica";1
7;"peixe";"exotica";0
7;"peixe";"exotica";1
7;"peixe";"exotica";1
8;"peixe";"exotica";1
8;"peixe";"exotica";1
8;"peixe";"exotica";1
8;"peixe";"exotica";1
8;"peixe";"exotica";1
8;"peixe";"exotica";1
8;"peixe";"exotica";1
8;"peixe";"exotica";1
8;"peixe";"exotica";1
8;"peixe";"exotica";1
8;"peixe";"exotica";1
8;"peixe";"exotica";1
8;"peixe";"exotica";1
8;"peixe";"exotica";1
8;"peixe";"exotica";1
8;"peixe";"exotica";0
8;"peixe";"exotica";1
8;"peixe";"exotica";1
8;"peixe";"exotica";1
8;"peixe";"exotica";1
8;"peixe";"exotica";1
8;"peixe";"exotica";1
8;"peixe";"exotica";0
8;"peixe";"exotica";1
8;"peixe";"exotica";1
8;"peixe";"exotica";1
8;"peixe";"exotica";1
9;"peixe";"exotica";0
9;"peixe";"exotica";1
9;"peixe";"exotica";1
9;"peixe";"exotica";1
9;"peixe";"exotica";1
9;"peixe";"exotica";1
9;"peixe";"exotica";1
9;"peixe";"exotica";1
9;"peixe";"exotica";1
9;"peixe";"exotica";1
9;"peixe";"exotica";1
9;"peixe";"exotica";0
9;"peixe";"exotica";1
9;"peixe";"exotica";1
9;"peixe";"exotica";1
9;"peixe";"exotica";1
9;"peixe";"exotica";1
9;"peixe";"exotica";1
9;"peixe";"exotica";1
9;"peixe";"exotica";1
9;"peixe";"exotica";1
9;"peixe";"exotica";1
9;"peixe";"exotica";1
10;"peixe";"exotica";0
10;"peixe";"exotica";1
10;"peixe";"exotica";1
10;"peixe";"exotica";0
10;"peixe";"exotica";0
10;"peixe";"exotica";1
10;"peixe";"exotica";1
10;"peixe";"exotica";1
10;"peixe";"exotica";1
10;"peixe";"exotica";0
10;"peixe";"exotica";1
10;"peixe";"exotica";0
10;"peixe";"exotica";1
10;"peixe";"exotica";1
10;"peixe";"exotica";0
10;"peixe";"exotica";1
10;"peixe";"exotica";1
10;"peixe";"exotica";1
10;"peixe";"exotica";1
10;"peixe";"exotica";1
10;"peixe";"exotica";1
10;"peixe";"exotica";1
11;"peixe";"exotica";1
11;"peixe";"exotica";0
11;"peixe";"exotica";1
11;"peixe";"exotica";1
11;"peixe";"exotica";1
11;"peixe";"exotica";1
11;"peixe";"exotica";1
11;"peixe";"exotica";1
11;"peixe";"exotica";0
11;"peixe";"exotica";1
11;"peixe";"exotica";1
11;"peixe";"exotica";1
11;"peixe";"exotica";1
11;"peixe";"exotica";1
11;"peixe";"exotica";1
11;"peixe";"exotica";1
11;"peixe";"exotica";1
11;"peixe";"exotica";1
11;"peixe";"exotica";1
11;"peixe";"exotica";1
11;"peixe";"exotica";1
11;"peixe";"exotica";1
11;"peixe";"exotica";1
12;"peixe";"exotica";1
12;"peixe";"exotica";1
12;"peixe";"exotica";0
12;"peixe";"exotica";1
12;"peixe";"exotica";1
12;"peixe";"exotica";1
12;"peixe";"exotica";1
12;"peixe";"exotica";1
12;"peixe";"exotica";0
12;"peixe";"exotica";0
12;"peixe";"exotica";1
12;"peixe";"exotica";1
12;"peixe";"exotica";0
12;"peixe";"exotica";1
12;"peixe";"exotica";1
12;"peixe";"exotica";1
12;"peixe";"exotica";1
12;"peixe";"exotica";1
12;"peixe";"exotica";1
12;"peixe";"exotica";1
13;"peixe";"exotica";1
13;"peixe";"exotica";1
13;"peixe";"exotica";1
13;"peixe";"exotica";1
13;"peixe";"exotica";0
13;"peixe";"exotica";0
13;"peixe";"exotica";1
13;"peixe";"exotica";1
13;"peixe";"exotica";1
13;"peixe";"exotica";1
13;"peixe";"exotica";1
13;"peixe";"exotica";1
13;"peixe";"exotica";1
13;"peixe";"exotica";0
13;"peixe";"exotica";1
13;"peixe";"exotica";1
13;"peixe";"exotica";0
13;"peixe";"exotica";1
13;"peixe";"exotica";1
13;"peixe";"exotica";1
13;"peixe";"exotica";0
14;"peixe";"exotica";1
14;"peixe";"exotica";1
14;"peixe";"exotica";1
14;"peixe";"exotica";0
14;"peixe";"exotica";1
14;"peixe";"exotica";1
14;"peixe";"exotica";0
14;"peixe";"exotica";1
14;"peixe";"exotica";1
14;"peixe";"exotica";1
14;"peixe";"exotica";1
14;"peixe";"exotica";1
14;"peixe";"exotica";0
14;"peixe";"exotica";1
14;"peixe";"exotica";1
15;"peixe";"exotica";1
15;"peixe";"exotica";1
15;"peixe";"exotica";1
15;"peixe";"exotica";0
15;"peixe";"exotica";1
15;"peixe";"exotica";1
15;"peixe";"exotica";1
15;"peixe";"exotica";1
15;"peixe";"exotica";1
15;"peixe";"exotica";1
15;"peixe";"exotica";1
15;"peixe";"exotica";1
15;"peixe";"exotica";1
15;"peixe";"exotica";1
15;"peixe";"exotica";1
15;"peixe";"exotica";1
15;"peixe";"exotica";1
15;"peixe";"exotica";1
15;"peixe";"exotica";1
15;"peixe";"exotica";1
15;"peixe";"exotica";1
15;"peixe";"exotica";1
15;"peixe";"exotica";1
15;"peixe";"exotica";1
15;"peixe";"exotica";1
16;"peixe";"exotica";1
16;"peixe";"exotica";1
16;"peixe";"exotica";1
16;"peixe";"exotica";1
16;"peixe";"exotica";1
16;"peixe";"exotica";1
16;"peixe";"exotica";1
16;"peixe";"exotica";1
16;"peixe";"exotica";1
16;"peixe";"exotica";1
16;"peixe";"exotica";1
16;"peixe";"exotica";1
16;"peixe";"exotica";1
16;"peixe";"exotica";1
16;"peixe";"exotica";1
16;"peixe";"exotica";0
16;"peixe";"exotica";1
16;"peixe";"exotica";1
16;"peixe";"exotica";1
16;"peixe";"exotica";1
16;"peixe";"exotica";1
16;"peixe";"exotica";1
16;"peixe";"exotica";1
16;"peixe";"exotica";1
17;"peixe";"exotica";1
17;"peixe";"exotica";1
17;"peixe";"exotica";1
17;"peixe";"exotica";1
17;"peixe";"exotica";1
17;"peixe";"exotica";1
17;"peixe";"exotica";1
17;"peixe";"exotica";1
17;"peixe";"exotica";1
17;"peixe";"exotica";1
17;"peixe";"exotica";1
17;"peixe";"exotica";0
17;"peixe";"exotica";0
17;"peixe";"exotica";1
17;"peixe";"exotica";1
17;"peixe";"exotica";1
17;"peixe";"exotica";0
17;"peixe";"exotica";1
17;"peixe";"exotica";1
17;"peixe";"exotica";1
17;"peixe";"exotica";1
17;"peixe";"exotica";0
17;"peixe";"exotica";1
17;"peixe";"exotica";0
17;"peixe";"exotica";1
17;"peixe";"exotica";1
17;"peixe";"exotica";1
17;"peixe";"exotica";1
17;"peixe";"exotica";1
17;"peixe";"exotica";1
17;"peixe";"exotica";1
17;"peixe";"exotica";1
17;"peixe";"exotica";1
17;"peixe";"exotica";1
17;"peixe";"exotica";1
1;"reptil";"exotica";1
1;"reptil";"exotica";0
1;"reptil";"exotica";0
1;"reptil";"exotica";1
1;"reptil";"exotica";1
1;"reptil";"exotica";1
1;"reptil";"exotica";0
1;"reptil";"exotica";1
1;"reptil";"exotica";1
1;"reptil";"exotica";1
1;"reptil";"exotica";1
1;"reptil";"exotica";1
1;"reptil";"exotica";1
1;"reptil";"exotica";1
2;"reptil";"exotica";0
2;"reptil";"exotica";0
2;"reptil";"exotica";0
2;"reptil";"exotica";1
2;"reptil";"exotica";0
2;"reptil";"exotica";1
2;"reptil";"exotica";0
2;"reptil";"exotica";1
2;"reptil";"exotica";0
2;"reptil";"exotica";0
2;"reptil";"exotica";0
2;"reptil";"exotica";1
2;"reptil";"exotica";0
2;"reptil";"exotica";1
2;"reptil";"exotica";1
2;"reptil";"exotica";0
2;"reptil";"exotica";0
2;"reptil";"exotica";0
3;"reptil";"exotica";1
3;"reptil";"exotica";0
3;"reptil";"exotica";1
3;"reptil";"exotica";1
3;"reptil";"exotica";1
3;"reptil";"exotica";0
3;"reptil";"exotica";0
3;"reptil";"exotica";1
3;"reptil";"exotica";1
3;"reptil";"exotica";1
3;"reptil";"exotica";0
3;"reptil";"exotica";1
3;"reptil";"exotica";0
3;"reptil";"exotica";0
3;"reptil";"exotica";0
3;"reptil";"exotica";0
3;"reptil";"exotica";0
3;"reptil";"exotica";1
4;"reptil";"exotica";1
4;"reptil";"exotica";1
4;"reptil";"exotica";1
4;"reptil";"exotica";1
4;"reptil";"exotica";1
4;"reptil";"exotica";1
4;"reptil";"exotica";0
4;"reptil";"exotica";1
4;"reptil";"exotica";1
4;"reptil";"exotica";1
4;"reptil";"exotica";1
4;"reptil";"exotica";1
4;"reptil";"exotica";1
4;"reptil";"exotica";0
4;"reptil";"exotica";1
4;"reptil";"exotica";1
4;"reptil";"exotica";0
4;"reptil";"exotica";1
5;"reptil";"exotica";1
5;"reptil";"exotica";1
5;"reptil";"exotica";1
5;"reptil";"exotica";1
5;"reptil";"exotica";1
5;"reptil";"exotica";1
5;"reptil";"exotica";1
5;"reptil";"exotica";0
5;"reptil";"exotica";1
5;"reptil";"exotica";1
5;"reptil";"exotica";0
5;"reptil";"exotica";1
5;"reptil";"exotica";1
5;"reptil";"exotica";1
5;"reptil";"exotica";1
5;"reptil";"exotica";1
6;"reptil";"exotica";1
6;"reptil";"exotica";0
6;"reptil";"exotica";0
6;"reptil";"exotica";0
6;"reptil";"exotica";1
6;"reptil";"exotica";1
6;"reptil";"exotica";0
6;"reptil";"exotica";0
6;"reptil";"exotica";1
6;"reptil";"exotica";0
6;"reptil";"exotica";0
6;"reptil";"exotica";1
6;"reptil";"exotica";1
6;"reptil";"exotica";0
6;"reptil";"exotica";0
6;"reptil";"exotica";0
6;"reptil";"exotica";0
6;"reptil";"exotica";1
6;"reptil";"exotica";0
6;"reptil";"exotica";0
6;"reptil";"exotica";0
6;"reptil";"exotica";1
6;"reptil";"exotica";0
6;"reptil";"exotica";0
6;"reptil";"exotica";1
6;"reptil";"exotica";0
6;"reptil";"exotica";0
7;"reptil";"exotica";1
7;"reptil";"exotica";1
7;"reptil";"exotica";0
7;"reptil";"exotica";0
7;"reptil";"exotica";1
7;"reptil";"exotica";0
7;"reptil";"exotica";0
7;"reptil";"exotica";1
7;"reptil";"exotica";1
7;"reptil";"exotica";0
7;"reptil";"exotica";1
7;"reptil";"exotica";1
7;"reptil";"exotica";0
7;"reptil";"exotica";1
7;"reptil";"exotica";0
7;"reptil";"exotica";1
7;"reptil";"exotica";1
7;"reptil";"exotica";0
7;"reptil";"exotica";1
7;"reptil";"exotica";0
7;"reptil";"exotica";1
8;"reptil";"exotica";1
8;"reptil";"exotica";1
8;"reptil";"exotica";1
8;"reptil";"exotica";1
8;"reptil";"exotica";1
8;"reptil";"exotica";1
8;"reptil";"exotica";1
8;"reptil";"exotica";1
8;"reptil";"exotica";1
8;"reptil";"exotica";1
8;"reptil";"exotica";1
8;"reptil";"exotica";1
8;"reptil";"exotica";1
8;"reptil";"exotica";1
8;"reptil";"exotica";1
8;"reptil";"exotica";1
8;"reptil";"exotica";0
8;"reptil";"exotica";1
8;"reptil";"exotica";1
8;"reptil";"exotica";0
8;"reptil";"exotica";1
8;"reptil";"exotica";1
8;"reptil";"exotica";1
8;"reptil";"exotica";1
8;"reptil";"exotica";1
8;"reptil";"exotica";1
8;"reptil";"exotica";1
9;"reptil";"exotica";0
9;"reptil";"exotica";1
9;"reptil";"exotica";1
9;"reptil";"exotica";1
9;"reptil";"exotica";1
9;"reptil";"exotica";1
9;"reptil";"exotica";1
9;"reptil";"exotica";1
9;"reptil";"exotica";1
9;"reptil";"exotica";1
9;"reptil";"exotica";1
9;"reptil";"exotica";0
9;"reptil";"exotica";1
9;"reptil";"exotica";1
9;"reptil";"exotica";1
9;"reptil";"exotica";1
9;"reptil";"exotica";1
9;"reptil";"exotica";1
9;"reptil";"exotica";1
9;"reptil";"exotica";1
9;"reptil";"exotica";0
9;"reptil";"exotica";0
9;"reptil";"exotica";1
10;"reptil";"exotica";0
10;"reptil";"exotica";0
10;"reptil";"exotica";1
10;"reptil";"exotica";1
10;"reptil";"exotica";1
10;"reptil";"exotica";0
10;"reptil";"exotica";1
10;"reptil";"exotica";0
10;"reptil";"exotica";0
10;"reptil";"exotica";0
10;"reptil";"exotica";0
10;"reptil";"exotica";1
10;"reptil";"exotica";1
10;"reptil";"exotica";0
10;"reptil";"exotica";1
10;"reptil";"exotica";0
10;"reptil";"exotica";1
10;"reptil";"exotica";1
10;"reptil";"exotica";1
10;"reptil";"exotica";1
10;"reptil";"exotica";1
10;"reptil";"exotica";1
11;"reptil";"exotica";1
11;"reptil";"exotica";1
11;"reptil";"exotica";1
11;"reptil";"exotica";1
11;"reptil";"exotica";1
11;"reptil";"exotica";1
11;"reptil";"exotica";1
11;"reptil";"exotica";1
11;"reptil";"exotica";1
11;"reptil";"exotica";1
11;"reptil";"exotica";1
11;"reptil";"exotica";1
11;"reptil";"exotica";1
11;"reptil";"exotica";1
11;"reptil";"exotica";1
11;"reptil";"exotica";1
11;"reptil";"exotica";1
11;"reptil";"exotica";1
11;"reptil";"exotica";1
11;"reptil";"exotica";1
11;"reptil";"exotica";1
11;"reptil";"exotica";1
11;"reptil";"exotica";1
12;"reptil";"exotica";0
12;"reptil";"exotica";0
12;"reptil";"exotica";0
12;"reptil";"exotica";1
12;"reptil";"exotica";0
12;"reptil";"exotica";0
12;"reptil";"exotica";1
12;"reptil";"exotica";0
12;"reptil";"exotica";1
12;"reptil";"exotica";1
12;"reptil";"exotica";0
12;"reptil";"exotica";0
12;"reptil";"exotica";0
12;"reptil";"exotica";0
12;"reptil";"exotica";1
12;"reptil";"exotica";0
12;"reptil";"exotica";0
12;"reptil";"exotica";1
12;"reptil";"exotica";0
12;"reptil";"exotica";1
13;"reptil";"exotica";0
13;"reptil";"exotica";0
13;"reptil";"exotica";0
13;"reptil";"exotica";1
13;"reptil";"exotica";0
13;"reptil";"exotica";0
13;"reptil";"exotica";0
13;"reptil";"exotica";0
13;"reptil";"exotica";1
13;"reptil";"exotica";1
13;"reptil";"exotica";1
13;"reptil";"exotica";1
13;"reptil";"exotica";1
13;"reptil";"exotica";0
13;"reptil";"exotica";1
13;"reptil";"exotica";1
13;"reptil";"exotica";0
13;"reptil";"exotica";1
13;"reptil";"exotica";1
13;"reptil";"exotica";1
13;"reptil";"exotica";1
14;"reptil";"exotica";1
14;"reptil";"exotica";1
14;"reptil";"exotica";1
14;"reptil";"exotica";1
14;"reptil";"exotica";1
14;"reptil";"exotica";1
14;"reptil";"exotica";1
14;"reptil";"exotica";1
14;"reptil";"exotica";1
14;"reptil";"exotica";1
14;"reptil";"exotica";1
14;"reptil";"exotica";1
14;"reptil";"exotica";0
14;"reptil";"exotica";1
14;"reptil";"exotica";1
15;"reptil";"exotica";0
15;"reptil";"exotica";1
15;"reptil";"exotica";1
15;"reptil";"exotica";1
15;"reptil";"exotica";1
15;"reptil";"exotica";1
15;"reptil";"exotica";0
15;"reptil";"exotica";1
15;"reptil";"exotica";1
15;"reptil";"exotica";1
15;"reptil";"exotica";1
15;"reptil";"exotica";1
15;"reptil";"exotica";1
15;"reptil";"exotica";1
15;"reptil";"exotica";1
15;"reptil";"exotica";1
15;"reptil";"exotica";1
15;"reptil";"exotica";1
15;"reptil";"exotica";0
15;"reptil";"exotica";1
15;"reptil";"exotica";1
15;"reptil";"exotica";1
15;"reptil";"exotica";1
15;"reptil";"exotica";1
15;"reptil";"exotica";1
16;"reptil";"exotica";0
16;"reptil";"exotica";0
16;"reptil";"exotica";0
16;"reptil";"exotica";0
16;"reptil";"exotica";1
16;"reptil";"exotica";1
16;"reptil";"exotica";1
16;"reptil";"exotica";0
16;"reptil";"exotica";0
16;"reptil";"exotica";0
16;"reptil";"exotica";0
16;"reptil";"exotica";1
16;"reptil";"exotica";1
16;"reptil";"exotica";1
16;"reptil";"exotica";1
16;"reptil";"exotica";1
16;"reptil";"exotica";1
16;"reptil";"exotica";1
16;"reptil";"exotica";1
16;"reptil";"exotica";1
16;"reptil";"exotica";0
16;"reptil";"exotica";1
16;"reptil";"exotica";1
16;"reptil";"exotica";0
17;"reptil";"exotica";0
17;"reptil";"exotica";1
17;"reptil";"exotica";1
17;"reptil";"exotica";1
17;"reptil";"exotica";1
17;"reptil";"exotica";1
17;"reptil";"exotica";1
17;"reptil";"exotica";1
17;"reptil";"exotica";1
17;"reptil";"exotica";1
17;"reptil";"exotica";1
17;"reptil";"exotica";0
17;"reptil";"exotica";0
17;"reptil";"exotica";1
17;"reptil";"exotica";0
17;"reptil";"exotica";1
17;"reptil";"exotica";1
17;"reptil";"exotica";1
17;"reptil";"exotica";1
17;"reptil";"exotica";1
17;"reptil";"exotica";1
17;"reptil";"exotica";0
17;"reptil";"exotica";1
17;"reptil";"exotica";1
17;"reptil";"exotica";1
17;"reptil";"exotica";1
17;"reptil";"exotica";1
17;"reptil";"exotica";1
17;"reptil";"exotica";1
17;"reptil";"exotica";1
17;"reptil";"exotica";1
17;"reptil";"exotica";1
17;"reptil";"exotica";1
17;"reptil";"exotica";1
17;"reptil";"exotica";1
1;"aves";"nativa";1
1;"aves";"nativa";1
1;"aves";"nativa";1
1;"aves";"nativa";1
1;"aves";"nativa";1
1;"aves";"nativa";1
1;"aves";"nativa";1
1;"aves";"nativa";1
1;"aves";"nativa";0
1;"aves";"nativa";1
1;"aves";"nativa";1
1;"aves";"nativa";0
1;"aves";"nativa";0
1;"aves";"nativa";0
2;"aves";"nativa";1
2;"aves";"nativa";1
2;"aves";"nativa";1
2;"aves";"nativa";1
2;"aves";"nativa";1
2;"aves";"nativa";1
2;"aves";"nativa";1
2;"aves";"nativa";1
2;"aves";"nativa";1
2;"aves";"nativa";1
2;"aves";"nativa";1
2;"aves";"nativa";1
2;"aves";"nativa";1
2;"aves";"nativa";1
2;"aves";"nativa";1
2;"aves";"nativa";1
2;"aves";"nativa";1
2;"aves";"nativa";1
3;"aves";"nativa";1
3;"aves";"nativa";1
3;"aves";"nativa";1
3;"aves";"nativa";1
3;"aves";"nativa";1
3;"aves";"nativa";1
3;"aves";"nativa";1
3;"aves";"nativa";1
3;"aves";"nativa";1
3;"aves";"nativa";1
3;"aves";"nativa";1
3;"aves";"nativa";1
3;"aves";"nativa";1
3;"aves";"nativa";1
3;"aves";"nativa";1
3;"aves";"nativa";1
3;"aves";"nativa";1
3;"aves";"nativa";1
4;"aves";"nativa";1
4;"aves";"nativa";1
4;"aves";"nativa";1
4;"aves";"nativa";1
4;"aves";"nativa";1
4;"aves";"nativa";1
4;"aves";"nativa";1
4;"aves";"nativa";1
4;"aves";"nativa";1
4;"aves";"nativa";1
4;"aves";"nativa";1
4;"aves";"nativa";0
4;"aves";"nativa";1
4;"aves";"nativa";1
4;"aves";"nativa";1
4;"aves";"nativa";0
4;"aves";"nativa";1
4;"aves";"nativa";1
5;"aves";"nativa";0
5;"aves";"nativa";0
5;"aves";"nativa";0
5;"aves";"nativa";0
5;"aves";"nativa";0
5;"aves";"nativa";0
5;"aves";"nativa";0
5;"aves";"nativa";0
5;"aves";"nativa";0
5;"aves";"nativa";0
5;"aves";"nativa";0
5;"aves";"nativa";0
5;"aves";"nativa";0
5;"aves";"nativa";0
5;"aves";"nativa";0
5;"aves";"nativa";0
6;"aves";"nativa";1
6;"aves";"nativa";1
6;"aves";"nativa";1
6;"aves";"nativa";1
6;"aves";"nativa";1
6;"aves";"nativa";1
6;"aves";"nativa";1
6;"aves";"nativa";1
6;"aves";"nativa";1
6;"aves";"nativa";0
6;"aves";"nativa";1
6;"aves";"nativa";1
6;"aves";"nativa";1
6;"aves";"nativa";1
6;"aves";"nativa";0
6;"aves";"nativa";1
6;"aves";"nativa";0
6;"aves";"nativa";1
6;"aves";"nativa";1
6;"aves";"nativa";1
6;"aves";"nativa";1
6;"aves";"nativa";1
6;"aves";"nativa";1
6;"aves";"nativa";1
6;"aves";"nativa";0
6;"aves";"nativa";1
6;"aves";"nativa";1
7;"aves";"nativa";1
7;"aves";"nativa";1
7;"aves";"nativa";1
7;"aves";"nativa";1
7;"aves";"nativa";1
7;"aves";"nativa";1
7;"aves";"nativa";1
7;"aves";"nativa";1
7;"aves";"nativa";1
7;"aves";"nativa";1
7;"aves";"nativa";1
7;"aves";"nativa";1
7;"aves";"nativa";1
7;"aves";"nativa";1
7;"aves";"nativa";1
7;"aves";"nativa";1
7;"aves";"nativa";1
7;"aves";"nativa";1
7;"aves";"nativa";1
7;"aves";"nativa";1
7;"aves";"nativa";1
8;"aves";"nativa";1
8;"aves";"nativa";0
8;"aves";"nativa";1
8;"aves";"nativa";1
8;"aves";"nativa";1
8;"aves";"nativa";1
8;"aves";"nativa";1
8;"aves";"nativa";1
8;"aves";"nativa";1
8;"aves";"nativa";1
8;"aves";"nativa";1
8;"aves";"nativa";0
8;"aves";"nativa";0
8;"aves";"nativa";1
8;"aves";"nativa";1
8;"aves";"nativa";1
8;"aves";"nativa";1
8;"aves";"nativa";1
8;"aves";"nativa";1
8;"aves";"nativa";0
8;"aves";"nativa";0
8;"aves";"nativa";1
8;"aves";"nativa";1
8;"aves";"nativa";1
8;"aves";"nativa";1
8;"aves";"nativa";1
8;"aves";"nativa";1
9;"aves";"nativa";0
9;"aves";"nativa";0
9;"aves";"nativa";0
9;"aves";"nativa";0
9;"aves";"nativa";0
9;"aves";"nativa";0
9;"aves";"nativa";0
9;"aves";"nativa";0
9;"aves";"nativa";0
9;"aves";"nativa";0
9;"aves";"nativa";0
9;"aves";"nativa";0
9;"aves";"nativa";0
9;"aves";"nativa";0
9;"aves";"nativa";0
9;"aves";"nativa";0
9;"aves";"nativa";0
9;"aves";"nativa";0
9;"aves";"nativa";0
9;"aves";"nativa";0
9;"aves";"nativa";0
9;"aves";"nativa";0
9;"aves";"nativa";0
10;"aves";"nativa";1
10;"aves";"nativa";1
10;"aves";"nativa";1
10;"aves";"nativa";1
10;"aves";"nativa";1
10;"aves";"nativa";1
10;"aves";"nativa";1
10;"aves";"nativa";1
10;"aves";"nativa";1
10;"aves";"nativa";0
10;"aves";"nativa";1
10;"aves";"nativa";1
10;"aves";"nativa";1
10;"aves";"nativa";1
10;"aves";"nativa";1
10;"aves";"nativa";1
10;"aves";"nativa";1
10;"aves";"nativa";1
10;"aves";"nativa";1
10;"aves";"nativa";1
10;"aves";"nativa";1
10;"aves";"nativa";1
11;"aves";"nativa";1
11;"aves";"nativa";1
11;"aves";"nativa";1
11;"aves";"nativa";1
11;"aves";"nativa";1
11;"aves";"nativa";1
11;"aves";"nativa";1
11;"aves";"nativa";1
11;"aves";"nativa";1
11;"aves";"nativa";1
11;"aves";"nativa";1
11;"aves";"nativa";0
11;"aves";"nativa";0
11;"aves";"nativa";0
11;"aves";"nativa";0
11;"aves";"nativa";0
11;"aves";"nativa";0
11;"aves";"nativa";0
11;"aves";"nativa";0
11;"aves";"nativa";0
11;"aves";"nativa";0
11;"aves";"nativa";0
11;"aves";"nativa";0
12;"aves";"nativa";0
12;"aves";"nativa";1
12;"aves";"nativa";0
12;"aves";"nativa";1
12;"aves";"nativa";1
12;"aves";"nativa";1
12;"aves";"nativa";1
12;"aves";"nativa";1
12;"aves";"nativa";1
12;"aves";"nativa";1
12;"aves";"nativa";1
12;"aves";"nativa";1
12;"aves";"nativa";1
12;"aves";"nativa";1
12;"aves";"nativa";1
12;"aves";"nativa";0
12;"aves";"nativa";1
12;"aves";"nativa";1
12;"aves";"nativa";1
12;"aves";"nativa";1
13;"aves";"nativa";1
13;"aves";"nativa";0
13;"aves";"nativa";1
13;"aves";"nativa";1
13;"aves";"nativa";1
13;"aves";"nativa";1
13;"aves";"nativa";1
13;"aves";"nativa";1
13;"aves";"nativa";1
13;"aves";"nativa";1
13;"aves";"nativa";0
13;"aves";"nativa";0
13;"aves";"nativa";0
13;"aves";"nativa";0
13;"aves";"nativa";0
13;"aves";"nativa";0
13;"aves";"nativa";0
13;"aves";"nativa";0
13;"aves";"nativa";0
13;"aves";"nativa";0
13;"aves";"nativa";0
14;"aves";"nativa";1
14;"aves";"nativa";1
14;"aves";"nativa";1
14;"aves";"nativa";1
14;"aves";"nativa";1
14;"aves";"nativa";1
14;"aves";"nativa";1
14;"aves";"nativa";1
14;"aves";"nativa";1
14;"aves";"nativa";1
14;"aves";"nativa";1
14;"aves";"nativa";1
14;"aves";"nativa";1
14;"aves";"nativa";1
14;"aves";"nativa";1
15;"aves";"nativa";0
15;"aves";"nativa";0
15;"aves";"nativa";0
15;"aves";"nativa";0
15;"aves";"nativa";0
15;"aves";"nativa";0
15;"aves";"nativa";0
15;"aves";"nativa";0
15;"aves";"nativa";0
15;"aves";"nativa";0
15;"aves";"nativa";0
15;"aves";"nativa";0
15;"aves";"nativa";0
15;"aves";"nativa";0
15;"aves";"nativa";0
15;"aves";"nativa";0
15;"aves";"nativa";0
15;"aves";"nativa";0
15;"aves";"nativa";0
15;"aves";"nativa";0
15;"aves";"nativa";0
15;"aves";"nativa";0
15;"aves";"nativa";0
15;"aves";"nativa";0
15;"aves";"nativa";0
16;"aves";"nativa";1
16;"aves";"nativa";1
16;"aves";"nativa";0
16;"aves";"nativa";0
16;"aves";"nativa";1
16;"aves";"nativa";1
16;"aves";"nativa";1
16;"aves";"nativa";1
16;"aves";"nativa";1
16;"aves";"nativa";0
16;"aves";"nativa";1
16;"aves";"nativa";0
16;"aves";"nativa";0
16;"aves";"nativa";1
16;"aves";"nativa";0
16;"aves";"nativa";0
16;"aves";"nativa";0
16;"aves";"nativa";0
16;"aves";"nativa";0
16;"aves";"nativa";0
16;"aves";"nativa";0
16;"aves";"nativa";0
16;"aves";"nativa";1
16;"aves";"nativa";0
17;"aves";"nativa";1
17;"aves";"nativa";1
17;"aves";"nativa";1
17;"aves";"nativa";0
17;"aves";"nativa";0
17;"aves";"nativa";0
17;"aves";"nativa";0
17;"aves";"nativa";0
17;"aves";"nativa";0
17;"aves";"nativa";0
17;"aves";"nativa";0
17;"aves";"nativa";0
17;"aves";"nativa";0
17;"aves";"nativa";0
17;"aves";"nativa";0
17;"aves";"nativa";0
17;"aves";"nativa";1
17;"aves";"nativa";0
17;"aves";"nativa";1
17;"aves";"nativa";0
17;"aves";"nativa";1
17;"aves";"nativa";0
17;"aves";"nativa";1
17;"aves";"nativa";1
17;"aves";"nativa";1
17;"aves";"nativa";1
17;"aves";"nativa";1
17;"aves";"nativa";1
17;"aves";"nativa";0
17;"aves";"nativa";0
17;"aves";"nativa";1
17;"aves";"nativa";0
17;"aves";"nativa";0
17;"aves";"nativa";0
17;"aves";"nativa";0
1;"invertebrado";"nativa";0
1;"invertebrado";"nativa";1
1;"invertebrado";"nativa";1
1;"invertebrado";"nativa";0
1;"invertebrado";"nativa";1
1;"invertebrado";"nativa";1
1;"invertebrado";"nativa";1
1;"invertebrado";"nativa";1
1;"invertebrado";"nativa";1
1;"invertebrado";"nativa";1
1;"invertebrado";"nativa";0
1;"invertebrado";"nativa";0
1;"invertebrado";"nativa";1
1;"invertebrado";"nativa";1
2;"invertebrado";"nativa";0
2;"invertebrado";"nativa";0
2;"invertebrado";"nativa";0
2;"invertebrado";"nativa";1
2;"invertebrado";"nativa";0
2;"invertebrado";"nativa";1
2;"invertebrado";"nativa";1
2;"invertebrado";"nativa";0
2;"invertebrado";"nativa";1
2;"invertebrado";"nativa";0
2;"invertebrado";"nativa";1
2;"invertebrado";"nativa";0
2;"invertebrado";"nativa";0
2;"invertebrado";"nativa";0
2;"invertebrado";"nativa";0
2;"invertebrado";"nativa";0
2;"invertebrado";"nativa";1
2;"invertebrado";"nativa";0
3;"invertebrado";"nativa";1
3;"invertebrado";"nativa";0
3;"invertebrado";"nativa";1
3;"invertebrado";"nativa";1
3;"invertebrado";"nativa";1
3;"invertebrado";"nativa";1
3;"invertebrado";"nativa";1
3;"invertebrado";"nativa";1
3;"invertebrado";"nativa";1
3;"invertebrado";"nativa";1
3;"invertebrado";"nativa";1
3;"invertebrado";"nativa";1
3;"invertebrado";"nativa";1
3;"invertebrado";"nativa";1
3;"invertebrado";"nativa";1
3;"invertebrado";"nativa";1
3;"invertebrado";"nativa";1
3;"invertebrado";"nativa";1
4;"invertebrado";"nativa";1
4;"invertebrado";"nativa";1
4;"invertebrado";"nativa";1
4;"invertebrado";"nativa";1
4;"invertebrado";"nativa";1
4;"invertebrado";"nativa";0
4;"invertebrado";"nativa";1
4;"invertebrado";"nativa";1
4;"invertebrado";"nativa";1
4;"invertebrado";"nativa";1
4;"invertebrado";"nativa";1
4;"invertebrado";"nativa";0
4;"invertebrado";"nativa";0
4;"invertebrado";"nativa";0
4;"invertebrado";"nativa";0
4;"invertebrado";"nativa";1
4;"invertebrado";"nativa";1
4;"invertebrado";"nativa";0
5;"invertebrado";"nativa";0
5;"invertebrado";"nativa";0
5;"invertebrado";"nativa";0
5;"invertebrado";"nativa";1
5;"invertebrado";"nativa";0
5;"invertebrado";"nativa";1
5;"invertebrado";"nativa";1
5;"invertebrado";"nativa";1
5;"invertebrado";"nativa";1
5;"invertebrado";"nativa";1
5;"invertebrado";"nativa";0
5;"invertebrado";"nativa";0
5;"invertebrado";"nativa";1
5;"invertebrado";"nativa";0
5;"invertebrado";"nativa";0
5;"invertebrado";"nativa";0
6;"invertebrado";"nativa";0
6;"invertebrado";"nativa";0
6;"invertebrado";"nativa";1
6;"invertebrado";"nativa";1
6;"invertebrado";"nativa";0
6;"invertebrado";"nativa";0
6;"invertebrado";"nativa";0
6;"invertebrado";"nativa";0
6;"invertebrado";"nativa";0
6;"invertebrado";"nativa";0
6;"invertebrado";"nativa";0
6;"invertebrado";"nativa";0
6;"invertebrado";"nativa";1
6;"invertebrado";"nativa";1
6;"invertebrado";"nativa";0
6;"invertebrado";"nativa";1
6;"invertebrado";"nativa";0
6;"invertebrado";"nativa";1
6;"invertebrado";"nativa";0
6;"invertebrado";"nativa";0
6;"invertebrado";"nativa";0
6;"invertebrado";"nativa";1
6;"invertebrado";"nativa";1
6;"invertebrado";"nativa";0
6;"invertebrado";"nativa";1
6;"invertebrado";"nativa";1
6;"invertebrado";"nativa";1
7;"invertebrado";"nativa";1
7;"invertebrado";"nativa";1
7;"invertebrado";"nativa";1
7;"invertebrado";"nativa";0
7;"invertebrado";"nativa";1
7;"invertebrado";"nativa";0
7;"invertebrado";"nativa";1
7;"invertebrado";"nativa";1
7;"invertebrado";"nativa";1
7;"invertebrado";"nativa";1
7;"invertebrado";"nativa";1
7;"invertebrado";"nativa";1
7;"invertebrado";"nativa";0
7;"invertebrado";"nativa";1
7;"invertebrado";"nativa";1
7;"invertebrado";"nativa";1
7;"invertebrado";"nativa";1
7;"invertebrado";"nativa";1
7;"invertebrado";"nativa";1
7;"invertebrado";"nativa";1
7;"invertebrado";"nativa";1
8;"invertebrado";"nativa";1
8;"invertebrado";"nativa";0
8;"invertebrado";"nativa";1
8;"invertebrado";"nativa";1
8;"invertebrado";"nativa";1
8;"invertebrado";"nativa";1
8;"invertebrado";"nativa";0
8;"invertebrado";"nativa";1
8;"invertebrado";"nativa";1
8;"invertebrado";"nativa";1
8;"invertebrado";"nativa";1
8;"invertebrado";"nativa";1
8;"invertebrado";"nativa";1
8;"invertebrado";"nativa";1
8;"invertebrado";"nativa";1
8;"invertebrado";"nativa";1
8;"invertebrado";"nativa";0
8;"invertebrado";"nativa";1
8;"invertebrado";"nativa";1
8;"invertebrado";"nativa";1
8;"invertebrado";"nativa";1
8;"invertebrado";"nativa";1
8;"invertebrado";"nativa";1
8;"invertebrado";"nativa";1
8;"invertebrado";"nativa";0
8;"invertebrado";"nativa";1
8;"invertebrado";"nativa";0
9;"invertebrado";"nativa";1
9;"invertebrado";"nativa";1
9;"invertebrado";"nativa";0
9;"invertebrado";"nativa";0
9;"invertebrado";"nativa";0
9;"invertebrado";"nativa";1
9;"invertebrado";"nativa";1
9;"invertebrado";"nativa";0
9;"invertebrado";"nativa";1
9;"invertebrado";"nativa";0
9;"invertebrado";"nativa";1
9;"invertebrado";"nativa";0
9;"invertebrado";"nativa";0
9;"invertebrado";"nativa";0
9;"invertebrado";"nativa";1
9;"invertebrado";"nativa";0
9;"invertebrado";"nativa";0
9;"invertebrado";"nativa";0
9;"invertebrado";"nativa";1
9;"invertebrado";"nativa";1
9;"invertebrado";"nativa";0
9;"invertebrado";"nativa";0
9;"invertebrado";"nativa";0
10;"invertebrado";"nativa";0
10;"invertebrado";"nativa";1
10;"invertebrado";"nativa";0
10;"invertebrado";"nativa";0
10;"invertebrado";"nativa";0
10;"invertebrado";"nativa";0
10;"invertebrado";"nativa";0
10;"invertebrado";"nativa";0
10;"invertebrado";"nativa";0
10;"invertebrado";"nativa";0
10;"invertebrado";"nativa";0
10;"invertebrado";"nativa";1
10;"invertebrado";"nativa";1
10;"invertebrado";"nativa";1
10;"invertebrado";"nativa";1
10;"invertebrado";"nativa";1
10;"invertebrado";"nativa";1
10;"invertebrado";"nativa";1
10;"invertebrado";"nativa";1
10;"invertebrado";"nativa";1
10;"invertebrado";"nativa";1
10;"invertebrado";"nativa";1
11;"invertebrado";"nativa";1
11;"invertebrado";"nativa";1
11;"invertebrado";"nativa";0
11;"invertebrado";"nativa";1
11;"invertebrado";"nativa";1
11;"invertebrado";"nativa";1
11;"invertebrado";"nativa";1
11;"invertebrado";"nativa";1
11;"invertebrado";"nativa";1
11;"invertebrado";"nativa";1
11;"invertebrado";"nativa";1
11;"invertebrado";"nativa";1
11;"invertebrado";"nativa";1
11;"invertebrado";"nativa";0
11;"invertebrado";"nativa";0
11;"invertebrado";"nativa";1
11;"invertebrado";"nativa";0
11;"invertebrado";"nativa";0
11;"invertebrado";"nativa";0
11;"invertebrado";"nativa";1
11;"invertebrado";"nativa";1
11;"invertebrado";"nativa";1
11;"invertebrado";"nativa";0
12;"invertebrado";"nativa";0
12;"invertebrado";"nativa";0
12;"invertebrado";"nativa";0
12;"invertebrado";"nativa";0
12;"invertebrado";"nativa";0
12;"invertebrado";"nativa";1
12;"invertebrado";"nativa";0
12;"invertebrado";"nativa";0
12;"invertebrado";"nativa";0
12;"invertebrado";"nativa";0
12;"invertebrado";"nativa";0
12;"invertebrado";"nativa";1
12;"invertebrado";"nativa";0
12;"invertebrado";"nativa";1
12;"invertebrado";"nativa";1
12;"invertebrado";"nativa";0
12;"invertebrado";"nativa";1
12;"invertebrado";"nativa";1
12;"invertebrado";"nativa";0
12;"invertebrado";"nativa";0
13;"invertebrado";"nativa";1
13;"invertebrado";"nativa";1
13;"invertebrado";"nativa";1
13;"invertebrado";"nativa";1
13;"invertebrado";"nativa";1
13;"invertebrado";"nativa";1
13;"invertebrado";"nativa";1
13;"invertebrado";"nativa";1
13;"invertebrado";"nativa";1
13;"invertebrado";"nativa";1
13;"invertebrado";"nativa";1
13;"invertebrado";"nativa";1
13;"invertebrado";"nativa";1
13;"invertebrado";"nativa";1
13;"invertebrado";"nativa";1
13;"invertebrado";"nativa";1
13;"invertebrado";"nativa";1
13;"invertebrado";"nativa";1
13;"invertebrado";"nativa";1
13;"invertebrado";"nativa";1
13;"invertebrado";"nativa";1
14;"invertebrado";"nativa";1
14;"invertebrado";"nativa";1
14;"invertebrado";"nativa";0
14;"invertebrado";"nativa";0
14;"invertebrado";"nativa";1
14;"invertebrado";"nativa";0
14;"invertebrado";"nativa";0
14;"invertebrado";"nativa";1
14;"invertebrado";"nativa";1
14;"invertebrado";"nativa";1
14;"invertebrado";"nativa";1
14;"invertebrado";"nativa";1
14;"invertebrado";"nativa";1
14;"invertebrado";"nativa";1
14;"invertebrado";"nativa";1
15;"invertebrado";"nativa";1
15;"invertebrado";"nativa";0
15;"invertebrado";"nativa";0
15;"invertebrado";"nativa";0
15;"invertebrado";"nativa";0
15;"invertebrado";"nativa";1
15;"invertebrado";"nativa";1
15;"invertebrado";"nativa";1
15;"invertebrado";"nativa";1
15;"invertebrado";"nativa";0
15;"invertebrado";"nativa";0
15;"invertebrado";"nativa";0
15;"invertebrado";"nativa";1
15;"invertebrado";"nativa";1
15;"invertebrado";"nativa";1
15;"invertebrado";"nativa";0
15;"invertebrado";"nativa";0
15;"invertebrado";"nativa";1
15;"invertebrado";"nativa";1
15;"invertebrado";"nativa";1
15;"invertebrado";"nativa";1
15;"invertebrado";"nativa";0
15;"invertebrado";"nativa";0
15;"invertebrado";"nativa";0
15;"invertebrado";"nativa";0
16;"invertebrado";"nativa";0
16;"invertebrado";"nativa";0
16;"invertebrado";"nativa";1
16;"invertebrado";"nativa";0
16;"invertebrado";"nativa";0
16;"invertebrado";"nativa";1
16;"invertebrado";"nativa";1
16;"invertebrado";"nativa";0
16;"invertebrado";"nativa";0
16;"invertebrado";"nativa";0
16;"invertebrado";"nativa";0
16;"invertebrado";"nativa";1
16;"invertebrado";"nativa";1
16;"invertebrado";"nativa";1
16;"invertebrado";"nativa";1
16;"invertebrado";"nativa";1
16;"invertebrado";"nativa";1
16;"invertebrado";"nativa";1
16;"invertebrado";"nativa";1
16;"invertebrado";"nativa";0
16;"invertebrado";"nativa";0
16;"invertebrado";"nativa";1
16;"invertebrado";"nativa";0
16;"invertebrado";"nativa";0
17;"invertebrado";"nativa";1
17;"invertebrado";"nativa";0
17;"invertebrado";"nativa";1
17;"invertebrado";"nativa";1
17;"invertebrado";"nativa";1
17;"invertebrado";"nativa";1
17;"invertebrado";"nativa";1
17;"invertebrado";"nativa";1
17;"invertebrado";"nativa";1
17;"invertebrado";"nativa";1
17;"invertebrado";"nativa";1
17;"invertebrado";"nativa";0
17;"invertebrado";"nativa";0
17;"invertebrado";"nativa";1
17;"invertebrado";"nativa";1
17;"invertebrado";"nativa";1
17;"invertebrado";"nativa";1
17;"invertebrado";"nativa";1
17;"invertebrado";"nativa";1
17;"invertebrado";"nativa";0
17;"invertebrado";"nativa";1
17;"invertebrado";"nativa";1
17;"invertebrado";"nativa";1
17;"invertebrado";"nativa";1
17;"invertebrado";"nativa";1
17;"invertebrado";"nativa";0
17;"invertebrado";"nativa";1
17;"invertebrado";"nativa";0
17;"invertebrado";"nativa";0
17;"invertebrado";"nativa";0
17;"invertebrado";"nativa";1
17;"invertebrado";"nativa";0
17;"invertebrado";"nativa";1
17;"invertebrado";"nativa";1
17;"invertebrado";"nativa";1
1;"mamifero";"nativa";1
1;"mamifero";"nativa";1
1;"mamifero";"nativa";1
1;"mamifero";"nativa";1
1;"mamifero";"nativa";1
1;"mamifero";"nativa";0
1;"mamifero";"nativa";0
1;"mamifero";"nativa";1
1;"mamifero";"nativa";1
1;"mamifero";"nativa";1
1;"mamifero";"nativa";1
1;"mamifero";"nativa";0
1;"mamifero";"nativa";0
1;"mamifero";"nativa";0
2;"mamifero";"nativa";1
2;"mamifero";"nativa";1
2;"mamifero";"nativa";1
2;"mamifero";"nativa";1
2;"mamifero";"nativa";1
2;"mamifero";"nativa";1
2;"mamifero";"nativa";1
2;"mamifero";"nativa";1
2;"mamifero";"nativa";1
2;"mamifero";"nativa";1
2;"mamifero";"nativa";1
2;"mamifero";"nativa";1
2;"mamifero";"nativa";1
2;"mamifero";"nativa";1
2;"mamifero";"nativa";1
2;"mamifero";"nativa";1
2;"mamifero";"nativa";1
2;"mamifero";"nativa";1
3;"mamifero";"nativa";1
3;"mamifero";"nativa";1
3;"mamifero";"nativa";1
3;"mamifero";"nativa";1
3;"mamifero";"nativa";1
3;"mamifero";"nativa";0
3;"mamifero";"nativa";1
3;"mamifero";"nativa";0
3;"mamifero";"nativa";0
3;"mamifero";"nativa";1
3;"mamifero";"nativa";1
3;"mamifero";"nativa";0
3;"mamifero";"nativa";1
3;"mamifero";"nativa";1
3;"mamifero";"nativa";1
3;"mamifero";"nativa";1
3;"mamifero";"nativa";1
3;"mamifero";"nativa";0
4;"mamifero";"nativa";1
4;"mamifero";"nativa";1
4;"mamifero";"nativa";0
4;"mamifero";"nativa";1
4;"mamifero";"nativa";1
4;"mamifero";"nativa";1
4;"mamifero";"nativa";1
4;"mamifero";"nativa";1
4;"mamifero";"nativa";1
4;"mamifero";"nativa";1
4;"mamifero";"nativa";1
4;"mamifero";"nativa";1
4;"mamifero";"nativa";1
4;"mamifero";"nativa";1
4;"mamifero";"nativa";1
4;"mamifero";"nativa";1
4;"mamifero";"nativa";1
4;"mamifero";"nativa";1
5;"mamifero";"nativa";0
5;"mamifero";"nativa";0
5;"mamifero";"nativa";1
5;"mamifero";"nativa";1
5;"mamifero";"nativa";1
5;"mamifero";"nativa";1
5;"mamifero";"nativa";0
5;"mamifero";"nativa";0
5;"mamifero";"nativa";0
5;"mamifero";"nativa";1
5;"mamifero";"nativa";0
5;"mamifero";"nativa";1
5;"mamifero";"nativa";0
5;"mamifero";"nativa";1
5;"mamifero";"nativa";1
5;"mamifero";"nativa";0
6;"mamifero";"nativa";1
6;"mamifero";"nativa";1
6;"mamifero";"nativa";1
6;"mamifero";"nativa";1
6;"mamifero";"nativa";1
6;"mamifero";"nativa";1
6;"mamifero";"nativa";1
6;"mamifero";"nativa";1
6;"mamifero";"nativa";1
6;"mamifero";"nativa";1
6;"mamifero";"nativa";1
6;"mamifero";"nativa";1
6;"mamifero";"nativa";1
6;"mamifero";"nativa";1
6;"mamifero";"nativa";1
6;"mamifero";"nativa";1
6;"mamifero";"nativa";1
6;"mamifero";"nativa";1
6;"mamifero";"nativa";1
6;"mamifero";"nativa";1
6;"mamifero";"nativa";1
6;"mamifero";"nativa";1
6;"mamifero";"nativa";1
6;"mamifero";"nativa";1
6;"mamifero";"nativa";1
6;"mamifero";"nativa";1
6;"mamifero";"nativa";1
7;"mamifero";"nativa";1
7;"mamifero";"nativa";1
7;"mamifero";"nativa";1
7;"mamifero";"nativa";0
7;"mamifero";"nativa";0
7;"mamifero";"nativa";1
7;"mamifero";"nativa";0
7;"mamifero";"nativa";1
7;"mamifero";"nativa";1
7;"mamifero";"nativa";1
7;"mamifero";"nativa";1
7;"mamifero";"nativa";1
7;"mamifero";"nativa";1
7;"mamifero";"nativa";1
7;"mamifero";"nativa";1
7;"mamifero";"nativa";1
7;"mamifero";"nativa";0
7;"mamifero";"nativa";1
7;"mamifero";"nativa";1
7;"mamifero";"nativa";1
7;"mamifero";"nativa";1
8;"mamifero";"nativa";1
8;"mamifero";"nativa";1
8;"mamifero";"nativa";1
8;"mamifero";"nativa";1
8;"mamifero";"nativa";1
8;"mamifero";"nativa";1
8;"mamifero";"nativa";1
8;"mamifero";"nativa";1
8;"mamifero";"nativa";0
8;"mamifero";"nativa";1
8;"mamifero";"nativa";0
8;"mamifero";"nativa";1
8;"mamifero";"nativa";1
8;"mamifero";"nativa";1
8;"mamifero";"nativa";1
8;"mamifero";"nativa";1
8;"mamifero";"nativa";0
8;"mamifero";"nativa";0
8;"mamifero";"nativa";1
8;"mamifero";"nativa";1
8;"mamifero";"nativa";1
8;"mamifero";"nativa";1
8;"mamifero";"nativa";0
8;"mamifero";"nativa";1
8;"mamifero";"nativa";1
8;"mamifero";"nativa";1
8;"mamifero";"nativa";1
9;"mamifero";"nativa";0
9;"mamifero";"nativa";0
9;"mamifero";"nativa";1
9;"mamifero";"nativa";1
9;"mamifero";"nativa";1
9;"mamifero";"nativa";0
9;"mamifero";"nativa";0
9;"mamifero";"nativa";1
9;"mamifero";"nativa";0
9;"mamifero";"nativa";1
9;"mamifero";"nativa";0
9;"mamifero";"nativa";1
9;"mamifero";"nativa";0
9;"mamifero";"nativa";1
9;"mamifero";"nativa";1
9;"mamifero";"nativa";0
9;"mamifero";"nativa";0
9;"mamifero";"nativa";0
9;"mamifero";"nativa";1
9;"mamifero";"nativa";0
9;"mamifero";"nativa";0
9;"mamifero";"nativa";0
9;"mamifero";"nativa";1
10;"mamifero";"nativa";1
10;"mamifero";"nativa";1
10;"mamifero";"nativa";1
10;"mamifero";"nativa";1
10;"mamifero";"nativa";1
10;"mamifero";"nativa";1
10;"mamifero";"nativa";1
10;"mamifero";"nativa";1
10;"mamifero";"nativa";1
10;"mamifero";"nativa";1
10;"mamifero";"nativa";1
10;"mamifero";"nativa";1
10;"mamifero";"nativa";1
10;"mamifero";"nativa";1
10;"mamifero";"nativa";1
10;"mamifero";"nativa";0
10;"mamifero";"nativa";1
10;"mamifero";"nativa";1
10;"mamifero";"nativa";1
10;"mamifero";"nativa";1
10;"mamifero";"nativa";1
10;"mamifero";"nativa";1
11;"mamifero";"nativa";1
11;"mamifero";"nativa";1
11;"mamifero";"nativa";1
11;"mamifero";"nativa";1
11;"mamifero";"nativa";1
11;"mamifero";"nativa";1
11;"mamifero";"nativa";1
11;"mamifero";"nativa";1
11;"mamifero";"nativa";1
11;"mamifero";"nativa";1
11;"mamifero";"nativa";1
11;"mamifero";"nativa";0
11;"mamifero";"nativa";0
11;"mamifero";"nativa";1
11;"mamifero";"nativa";0
11;"mamifero";"nativa";1
11;"mamifero";"nativa";0
11;"mamifero";"nativa";0
11;"mamifero";"nativa";0
11;"mamifero";"nativa";0
11;"mamifero";"nativa";0
11;"mamifero";"nativa";0
11;"mamifero";"nativa";0
12;"mamifero";"nativa";1
12;"mamifero";"nativa";1
12;"mamifero";"nativa";0
12;"mamifero";"nativa";1
12;"mamifero";"nativa";1
12;"mamifero";"nativa";1
12;"mamifero";"nativa";1
12;"mamifero";"nativa";1
12;"mamifero";"nativa";1
12;"mamifero";"nativa";1
12;"mamifero";"nativa";1
12;"mamifero";"nativa";1
12;"mamifero";"nativa";1
12;"mamifero";"nativa";1
12;"mamifero";"nativa";1
12;"mamifero";"nativa";1
12;"mamifero";"nativa";1
12;"mamifero";"nativa";1
12;"mamifero";"nativa";1
12;"mamifero";"nativa";1
13;"mamifero";"nativa";1
13;"mamifero";"nativa";0
13;"mamifero";"nativa";1
13;"mamifero";"nativa";0
13;"mamifero";"nativa";0
13;"mamifero";"nativa";0
13;"mamifero";"nativa";1
13;"mamifero";"nativa";1
13;"mamifero";"nativa";1
13;"mamifero";"nativa";0
13;"mamifero";"nativa";1
13;"mamifero";"nativa";0
13;"mamifero";"nativa";0
13;"mamifero";"nativa";0
13;"mamifero";"nativa";1
13;"mamifero";"nativa";1
13;"mamifero";"nativa";1
13;"mamifero";"nativa";1
13;"mamifero";"nativa";1
13;"mamifero";"nativa";0
13;"mamifero";"nativa";0
14;"mamifero";"nativa";1
14;"mamifero";"nativa";1
14;"mamifero";"nativa";1
14;"mamifero";"nativa";0
14;"mamifero";"nativa";1
14;"mamifero";"nativa";1
14;"mamifero";"nativa";0
14;"mamifero";"nativa";0
14;"mamifero";"nativa";1
14;"mamifero";"nativa";0
14;"mamifero";"nativa";1
14;"mamifero";"nativa";1
14;"mamifero";"nativa";0
14;"mamifero";"nativa";1
14;"mamifero";"nativa";1
15;"mamifero";"nativa";0
15;"mamifero";"nativa";0
15;"mamifero";"nativa";0
15;"mamifero";"nativa";0
15;"mamifero";"nativa";1
15;"mamifero";"nativa";0
15;"mamifero";"nativa";0
15;"mamifero";"nativa";1
15;"mamifero";"nativa";0
15;"mamifero";"nativa";0
15;"mamifero";"nativa";0
15;"mamifero";"nativa";0
15;"mamifero";"nativa";0
15;"mamifero";"nativa";0
15;"mamifero";"nativa";0
15;"mamifero";"nativa";0
15;"mamifero";"nativa";0
15;"mamifero";"nativa";0
15;"mamifero";"nativa";0
15;"mamifero";"nativa";0
15;"mamifero";"nativa";0
15;"mamifero";"nativa";0
15;"mamifero";"nativa";1
15;"mamifero";"nativa";1
15;"mamifero";"nativa";0
16;"mamifero";"nativa";1
16;"mamifero";"nativa";1
16;"mamifero";"nativa";1
16;"mamifero";"nativa";1
16;"mamifero";"nativa";1
16;"mamifero";"nativa";1
16;"mamifero";"nativa";1
16;"mamifero";"nativa";1
16;"mamifero";"nativa";1
16;"mamifero";"nativa";1
16;"mamifero";"nativa";1
16;"mamifero";"nativa";1
16;"mamifero";"nativa";1
16;"mamifero";"nativa";1
16;"mamifero";"nativa";0
16;"mamifero";"nativa";1
16;"mamifero";"nativa";1
16;"mamifero";"nativa";0
16;"mamifero";"nativa";0
16;"mamifero";"nativa";0
16;"mamifero";"nativa";0
16;"mamifero";"nativa";0
16;"mamifero";"nativa";0
16;"mamifero";"nativa";0
17;"mamifero";"nativa";1
17;"mamifero";"nativa";1
17;"mamifero";"nativa";1
17;"mamifero";"nativa";0
17;"mamifero";"nativa";1
17;"mamifero";"nativa";1
17;"mamifero";"nativa";1
17;"mamifero";"nativa";1
17;"mamifero";"nativa";0
17;"mamifero";"nativa";0
17;"mamifero";"nativa";1
17;"mamifero";"nativa";1
17;"mamifero";"nativa";1
17;"mamifero";"nativa";1
17;"mamifero";"nativa";1
17;"mamifero";"nativa";1
17;"mamifero";"nativa";1
17;"mamifero";"nativa";1
17;"mamifero";"nativa";1
17;"mamifero";"nativa";1
17;"mamifero";"nativa";0
17;"mamifero";"nativa";0
17;"mamifero";"nativa";1
17;"mamifero";"nativa";1
17;"mamifero";"nativa";1
17;"mamifero";"nativa";0
17;"mamifero";"nativa";1
17;"mamifero";"nativa";1
17;"mamifero";"nativa";1
17;"mamifero";"nativa";1
17;"mamifero";"nativa";0
17;"mamifero";"nativa";1
17;"mamifero";"nativa";0
17;"mamifero";"nativa";0
17;"mamifero";"nativa";1
1;"peixe";"nativa";0
1;"peixe";"nativa";0
1;"peixe";"nativa";0
1;"peixe";"nativa";0
1;"peixe";"nativa";0
1;"peixe";"nativa";0
1;"peixe";"nativa";0
1;"peixe";"nativa";0
1;"peixe";"nativa";1
1;"peixe";"nativa";1
1;"peixe";"nativa";1
1;"peixe";"nativa";1
1;"peixe";"nativa";1
1;"peixe";"nativa";1
2;"peixe";"nativa";0
2;"peixe";"nativa";0
2;"peixe";"nativa";0
2;"peixe";"nativa";0
2;"peixe";"nativa";0
2;"peixe";"nativa";0
2;"peixe";"nativa";0
2;"peixe";"nativa";0
2;"peixe";"nativa";0
2;"peixe";"nativa";0
2;"peixe";"nativa";0
2;"peixe";"nativa";0
2;"peixe";"nativa";0
2;"peixe";"nativa";0
2;"peixe";"nativa";0
2;"peixe";"nativa";0
2;"peixe";"nativa";0
2;"peixe";"nativa";0
3;"peixe";"nativa";0
3;"peixe";"nativa";0
3;"peixe";"nativa";0
3;"peixe";"nativa";0
3;"peixe";"nativa";0
3;"peixe";"nativa";0
3;"peixe";"nativa";0
3;"peixe";"nativa";0
3;"peixe";"nativa";0
3;"peixe";"nativa";0
3;"peixe";"nativa";1
3;"peixe";"nativa";0
3;"peixe";"nativa";0
3;"peixe";"nativa";0
3;"peixe";"nativa";0
3;"peixe";"nativa";0
3;"peixe";"nativa";0
3;"peixe";"nativa";0
4;"peixe";"nativa";1
4;"peixe";"nativa";0
4;"peixe";"nativa";1
4;"peixe";"nativa";0
4;"peixe";"nativa";1
4;"peixe";"nativa";1
4;"peixe";"nativa";1
4;"peixe";"nativa";0
4;"peixe";"nativa";1
4;"peixe";"nativa";1
4;"peixe";"nativa";0
4;"peixe";"nativa";0
4;"peixe";"nativa";1
4;"peixe";"nativa";1
4;"peixe";"nativa";1
4;"peixe";"nativa";1
4;"peixe";"nativa";1
4;"peixe";"nativa";1
5;"peixe";"nativa";1
5;"peixe";"nativa";1
5;"peixe";"nativa";1
5;"peixe";"nativa";1
5;"peixe";"nativa";1
5;"peixe";"nativa";1
5;"peixe";"nativa";1
5;"peixe";"nativa";0
5;"peixe";"nativa";1
5;"peixe";"nativa";1
5;"peixe";"nativa";1
5;"peixe";"nativa";1
5;"peixe";"nativa";1
5;"peixe";"nativa";1
5;"peixe";"nativa";1
5;"peixe";"nativa";1
6;"peixe";"nativa";0
6;"peixe";"nativa";0
6;"peixe";"nativa";1
6;"peixe";"nativa";0
6;"peixe";"nativa";0
6;"peixe";"nativa";0
6;"peixe";"nativa";0
6;"peixe";"nativa";0
6;"peixe";"nativa";0
6;"peixe";"nativa";0
6;"peixe";"nativa";0
6;"peixe";"nativa";0
6;"peixe";"nativa";0
6;"peixe";"nativa";0
6;"peixe";"nativa";0
6;"peixe";"nativa";0
6;"peixe";"nativa";0
6;"peixe";"nativa";0
6;"peixe";"nativa";0
6;"peixe";"nativa";0
6;"peixe";"nativa";0
6;"peixe";"nativa";0
6;"peixe";"nativa";0
6;"peixe";"nativa";0
6;"peixe";"nativa";0
6;"peixe";"nativa";0
6;"peixe";"nativa";0
7;"peixe";"nativa";0
7;"peixe";"nativa";0
7;"peixe";"nativa";0
7;"peixe";"nativa";0
7;"peixe";"nativa";0
7;"peixe";"nativa";0
7;"peixe";"nativa";1
7;"peixe";"nativa";0
7;"peixe";"nativa";0
7;"peixe";"nativa";0
7;"peixe";"nativa";0
7;"peixe";"nativa";0
7;"peixe";"nativa";0
7;"peixe";"nativa";0
7;"peixe";"nativa";0
7;"peixe";"nativa";0
7;"peixe";"nativa";0
7;"peixe";"nativa";0
7;"peixe";"nativa";0
7;"peixe";"nativa";0
7;"peixe";"nativa";0
8;"peixe";"nativa";0
8;"peixe";"nativa";0
8;"peixe";"nativa";0
8;"peixe";"nativa";1
8;"peixe";"nativa";1
8;"peixe";"nativa";1
8;"peixe";"nativa";0
8;"peixe";"nativa";1
8;"peixe";"nativa";1
8;"peixe";"nativa";1
8;"peixe";"nativa";0
8;"peixe";"nativa";1
8;"peixe";"nativa";1
8;"peixe";"nativa";1
8;"peixe";"nativa";1
8;"peixe";"nativa";0
8;"peixe";"nativa";0
8;"peixe";"nativa";1
8;"peixe";"nativa";1
8;"peixe";"nativa";0
8;"peixe";"nativa";1
8;"peixe";"nativa";1
8;"peixe";"nativa";1
8;"peixe";"nativa";0
8;"peixe";"nativa";1
8;"peixe";"nativa";1
8;"peixe";"nativa";0
9;"peixe";"nativa";1
9;"peixe";"nativa";1
9;"peixe";"nativa";1
9;"peixe";"nativa";1
9;"peixe";"nativa";1
9;"peixe";"nativa";1
9;"peixe";"nativa";1
9;"peixe";"nativa";1
9;"peixe";"nativa";1
9;"peixe";"nativa";1
9;"peixe";"nativa";1
9;"peixe";"nativa";1
9;"peixe";"nativa";1
9;"peixe";"nativa";1
9;"peixe";"nativa";1
9;"peixe";"nativa";1
9;"peixe";"nativa";1
9;"peixe";"nativa";1
9;"peixe";"nativa";0
9;"peixe";"nativa";1
9;"peixe";"nativa";0
9;"peixe";"nativa";1
9;"peixe";"nativa";0
10;"peixe";"nativa";0
10;"peixe";"nativa";0
10;"peixe";"nativa";1
10;"peixe";"nativa";0
10;"peixe";"nativa";0
10;"peixe";"nativa";0
10;"peixe";"nativa";0
10;"peixe";"nativa";0
10;"peixe";"nativa";0
10;"peixe";"nativa";0
10;"peixe";"nativa";0
10;"peixe";"nativa";0
10;"peixe";"nativa";0
10;"peixe";"nativa";0
10;"peixe";"nativa";0
10;"peixe";"nativa";0
10;"peixe";"nativa";0
10;"peixe";"nativa";0
10;"peixe";"nativa";0
10;"peixe";"nativa";0
10;"peixe";"nativa";0
10;"peixe";"nativa";0
11;"peixe";"nativa";1
11;"peixe";"nativa";0
11;"peixe";"nativa";0
11;"peixe";"nativa";1
11;"peixe";"nativa";1
11;"peixe";"nativa";1
11;"peixe";"nativa";1
11;"peixe";"nativa";1
11;"peixe";"nativa";0
11;"peixe";"nativa";1
11;"peixe";"nativa";1
11;"peixe";"nativa";1
11;"peixe";"nativa";0
11;"peixe";"nativa";1
11;"peixe";"nativa";1
11;"peixe";"nativa";1
11;"peixe";"nativa";1
11;"peixe";"nativa";1
11;"peixe";"nativa";1
11;"peixe";"nativa";1
11;"peixe";"nativa";1
11;"peixe";"nativa";1
11;"peixe";"nativa";1
12;"peixe";"nativa";0
12;"peixe";"nativa";0
12;"peixe";"nativa";0
12;"peixe";"nativa";0
12;"peixe";"nativa";0
12;"peixe";"nativa";0
12;"peixe";"nativa";0
12;"peixe";"nativa";0
12;"peixe";"nativa";0
12;"peixe";"nativa";0
12;"peixe";"nativa";0
12;"peixe";"nativa";0
12;"peixe";"nativa";0
12;"peixe";"nativa";0
12;"peixe";"nativa";1
12;"peixe";"nativa";1
12;"peixe";"nativa";1
12;"peixe";"nativa";0
12;"peixe";"nativa";0
12;"peixe";"nativa";0
13;"peixe";"nativa";1
13;"peixe";"nativa";0
13;"peixe";"nativa";0
13;"peixe";"nativa";0
13;"peixe";"nativa";1
13;"peixe";"nativa";0
13;"peixe";"nativa";0
13;"peixe";"nativa";0
13;"peixe";"nativa";0
13;"peixe";"nativa";0
13;"peixe";"nativa";0
13;"peixe";"nativa";0
13;"peixe";"nativa";0
13;"peixe";"nativa";1
13;"peixe";"nativa";0
13;"peixe";"nativa";0
13;"peixe";"nativa";1
13;"peixe";"nativa";0
13;"peixe";"nativa";0
13;"peixe";"nativa";0
13;"peixe";"nativa";0
14;"peixe";"nativa";0
14;"peixe";"nativa";0
14;"peixe";"nativa";0
14;"peixe";"nativa";0
14;"peixe";"nativa";0
14;"peixe";"nativa";1
14;"peixe";"nativa";1
14;"peixe";"nativa";1
14;"peixe";"nativa";1
14;"peixe";"nativa";0
14;"peixe";"nativa";1
14;"peixe";"nativa";1
14;"peixe";"nativa";1
14;"peixe";"nativa";0
14;"peixe";"nativa";1
15;"peixe";"nativa";1
15;"peixe";"nativa";1
15;"peixe";"nativa";1
15;"peixe";"nativa";1
15;"peixe";"nativa";1
15;"peixe";"nativa";1
15;"peixe";"nativa";0
15;"peixe";"nativa";0
15;"peixe";"nativa";0
15;"peixe";"nativa";1
15;"peixe";"nativa";1
15;"peixe";"nativa";1
15;"peixe";"nativa";0
15;"peixe";"nativa";1
15;"peixe";"nativa";1
15;"peixe";"nativa";0
15;"peixe";"nativa";1
15;"peixe";"nativa";1
15;"peixe";"nativa";0
15;"peixe";"nativa";1
15;"peixe";"nativa";1
15;"peixe";"nativa";1
15;"peixe";"nativa";1
15;"peixe";"nativa";0
15;"peixe";"nativa";1
16;"peixe";"nativa";0
16;"peixe";"nativa";0
16;"peixe";"nativa";0
16;"peixe";"nativa";0
16;"peixe";"nativa";0
16;"peixe";"nativa";0
16;"peixe";"nativa";0
16;"peixe";"nativa";0
16;"peixe";"nativa";0
16;"peixe";"nativa";0
16;"peixe";"nativa";0
16;"peixe";"nativa";0
16;"peixe";"nativa";0
16;"peixe";"nativa";0
16;"peixe";"nativa";1
16;"peixe";"nativa";1
16;"peixe";"nativa";1
16;"peixe";"nativa";1
16;"peixe";"nativa";1
16;"peixe";"nativa";0
16;"peixe";"nativa";1
16;"peixe";"nativa";1
16;"peixe";"nativa";0
16;"peixe";"nativa";1
17;"peixe";"nativa";0
17;"peixe";"nativa";0
17;"peixe";"nativa";0
17;"peixe";"nativa";1
17;"peixe";"nativa";0
17;"peixe";"nativa";0
17;"peixe";"nativa";0
17;"peixe";"nativa";0
17;"peixe";"nativa";0
17;"peixe";"nativa";0
17;"peixe";"nativa";1
17;"peixe";"nativa";0
17;"peixe";"nativa";0
17;"peixe";"nativa";0
17;"peixe";"nativa";0
17;"peixe";"nativa";0
17;"peixe";"nativa";0
17;"peixe";"nativa";1
17;"peixe";"nativa";1
17;"peixe";"nativa";1
17;"peixe";"nativa";1
17;"peixe";"nativa";0
17;"peixe";"nativa";1
17;"peixe";"nativa";0
17;"peixe";"nativa";1
17;"peixe";"nativa";1
17;"peixe";"nativa";1
17;"peixe";"nativa";0
17;"peixe";"nativa";1
17;"peixe";"nativa";1
17;"peixe";"nativa";1
17;"peixe";"nativa";1
17;"peixe";"nativa";0
17;"peixe";"nativa";1
17;"peixe";"nativa";1
1;"reptil";"nativa";0
1;"reptil";"nativa";0
1;"reptil";"nativa";0
1;"reptil";"nativa";0
1;"reptil";"nativa";1
1;"reptil";"nativa";1
1;"reptil";"nativa";1
1;"reptil";"nativa";0
1;"reptil";"nativa";0
1;"reptil";"nativa";0
1;"reptil";"nativa";0
1;"reptil";"nativa";1
1;"reptil";"nativa";1
1;"reptil";"nativa";0
2;"reptil";"nativa";0
2;"reptil";"nativa";0
2;"reptil";"nativa";0
2;"reptil";"nativa";0
2;"reptil";"nativa";0
2;"reptil";"nativa";0
2;"reptil";"nativa";0
2;"reptil";"nativa";0
2;"reptil";"nativa";1
2;"reptil";"nativa";0
2;"reptil";"nativa";0
2;"reptil";"nativa";0
2;"reptil";"nativa";0
2;"reptil";"nativa";0
2;"reptil";"nativa";0
2;"reptil";"nativa";0
2;"reptil";"nativa";0
2;"reptil";"nativa";1
3;"reptil";"nativa";1
3;"reptil";"nativa";1
3;"reptil";"nativa";1
3;"reptil";"nativa";1
3;"reptil";"nativa";0
3;"reptil";"nativa";1
3;"reptil";"nativa";1
3;"reptil";"nativa";0
3;"reptil";"nativa";1
3;"reptil";"nativa";1
3;"reptil";"nativa";1
3;"reptil";"nativa";1
3;"reptil";"nativa";1
3;"reptil";"nativa";1
3;"reptil";"nativa";1
3;"reptil";"nativa";1
3;"reptil";"nativa";1
3;"reptil";"nativa";1
4;"reptil";"nativa";1
4;"reptil";"nativa";1
4;"reptil";"nativa";1
4;"reptil";"nativa";0
4;"reptil";"nativa";1
4;"reptil";"nativa";1
4;"reptil";"nativa";0
4;"reptil";"nativa";0
4;"reptil";"nativa";1
4;"reptil";"nativa";0
4;"reptil";"nativa";1
4;"reptil";"nativa";0
4;"reptil";"nativa";0
4;"reptil";"nativa";0
4;"reptil";"nativa";1
4;"reptil";"nativa";1
4;"reptil";"nativa";1
4;"reptil";"nativa";0
5;"reptil";"nativa";1
5;"reptil";"nativa";1
5;"reptil";"nativa";1
5;"reptil";"nativa";0
5;"reptil";"nativa";1
5;"reptil";"nativa";0
5;"reptil";"nativa";1
5;"reptil";"nativa";1
5;"reptil";"nativa";1
5;"reptil";"nativa";1
5;"reptil";"nativa";0
5;"reptil";"nativa";0
5;"reptil";"nativa";0
5;"reptil";"nativa";1
5;"reptil";"nativa";1
5;"reptil";"nativa";1
6;"reptil";"nativa";0
6;"reptil";"nativa";0
6;"reptil";"nativa";0
6;"reptil";"nativa";0
6;"reptil";"nativa";0
6;"reptil";"nativa";0
6;"reptil";"nativa";0
6;"reptil";"nativa";1
6;"reptil";"nativa";0
6;"reptil";"nativa";0
6;"reptil";"nativa";1
6;"reptil";"nativa";0
6;"reptil";"nativa";0
6;"reptil";"nativa";0
6;"reptil";"nativa";0
6;"reptil";"nativa";0
6;"reptil";"nativa";0
6;"reptil";"nativa";0
6;"reptil";"nativa";0
6;"reptil";"nativa";0
6;"reptil";"nativa";1
6;"reptil";"nativa";0
6;"reptil";"nativa";0
6;"reptil";"nativa";0
6;"reptil";"nativa";0
6;"reptil";"nativa";0
6;"reptil";"nativa";1
7;"reptil";"nativa";1
7;"reptil";"nativa";1
7;"reptil";"nativa";1
7;"reptil";"nativa";1
7;"reptil";"nativa";1
7;"reptil";"nativa";1
7;"reptil";"nativa";0
7;"reptil";"nativa";1
7;"reptil";"nativa";1
7;"reptil";"nativa";0
7;"reptil";"nativa";1
7;"reptil";"nativa";1
7;"reptil";"nativa";1
7;"reptil";"nativa";1
7;"reptil";"nativa";1
7;"reptil";"nativa";1
7;"reptil";"nativa";1
7;"reptil";"nativa";1
7;"reptil";"nativa";1
7;"reptil";"nativa";1
7;"reptil";"nativa";1
8;"reptil";"nativa";1
8;"reptil";"nativa";1
8;"reptil";"nativa";1
8;"reptil";"nativa";1
8;"reptil";"nativa";0
8;"reptil";"nativa";1
8;"reptil";"nativa";0
8;"reptil";"nativa";1
8;"reptil";"nativa";0
8;"reptil";"nativa";1
8;"reptil";"nativa";1
8;"reptil";"nativa";1
8;"reptil";"nativa";0
8;"reptil";"nativa";1
8;"reptil";"nativa";1
8;"reptil";"nativa";1
8;"reptil";"nativa";0
8;"reptil";"nativa";1
8;"reptil";"nativa";1
8;"reptil";"nativa";0
8;"reptil";"nativa";1
8;"reptil";"nativa";1
8;"reptil";"nativa";0
8;"reptil";"nativa";0
8;"reptil";"nativa";0
8;"reptil";"nativa";1
8;"reptil";"nativa";0
9;"reptil";"nativa";1
9;"reptil";"nativa";1
9;"reptil";"nativa";1
9;"reptil";"nativa";1
9;"reptil";"nativa";1
9;"reptil";"nativa";1
9;"reptil";"nativa";1
9;"reptil";"nativa";1
9;"reptil";"nativa";0
9;"reptil";"nativa";1
9;"reptil";"nativa";1
9;"reptil";"nativa";0
9;"reptil";"nativa";1
9;"reptil";"nativa";1
9;"reptil";"nativa";1
9;"reptil";"nativa";1
9;"reptil";"nativa";1
9;"reptil";"nativa";0
9;"reptil";"nativa";0
9;"reptil";"nativa";1
9;"reptil";"nativa";0
9;"reptil";"nativa";1
9;"reptil";"nativa";1
10;"reptil";"nativa";0
10;"reptil";"nativa";1
10;"reptil";"nativa";0
10;"reptil";"nativa";0
10;"reptil";"nativa";0
10;"reptil";"nativa";0
10;"reptil";"nativa";0
10;"reptil";"nativa";0
10;"reptil";"nativa";0
10;"reptil";"nativa";1
10;"reptil";"nativa";0
10;"reptil";"nativa";1
10;"reptil";"nativa";1
10;"reptil";"nativa";1
10;"reptil";"nativa";1
10;"reptil";"nativa";1
10;"reptil";"nativa";1
10;"reptil";"nativa";1
10;"reptil";"nativa";1
10;"reptil";"nativa";1
10;"reptil";"nativa";1
10;"reptil";"nativa";1
11;"reptil";"nativa";1
11;"reptil";"nativa";1
11;"reptil";"nativa";1
11;"reptil";"nativa";1
11;"reptil";"nativa";1
11;"reptil";"nativa";1
11;"reptil";"nativa";0
11;"reptil";"nativa";1
11;"reptil";"nativa";1
11;"reptil";"nativa";1
11;"reptil";"nativa";1
11;"reptil";"nativa";1
11;"reptil";"nativa";1
11;"reptil";"nativa";1
11;"reptil";"nativa";1
11;"reptil";"nativa";1
11;"reptil";"nativa";1
11;"reptil";"nativa";1
11;"reptil";"nativa";1
11;"reptil";"nativa";1
11;"reptil";"nativa";1
11;"reptil";"nativa";1
11;"reptil";"nativa";1
12;"reptil";"nativa";0
12;"reptil";"nativa";1
12;"reptil";"nativa";0
12;"reptil";"nativa";0
12;"reptil";"nativa";0
12;"reptil";"nativa";0
12;"reptil";"nativa";0
12;"reptil";"nativa";0
12;"reptil";"nativa";0
12;"reptil";"nativa";0
12;"reptil";"nativa";0
12;"reptil";"nativa";0
12;"reptil";"nativa";0
12;"reptil";"nativa";0
12;"reptil";"nativa";0
12;"reptil";"nativa";0
12;"reptil";"nativa";1
12;"reptil";"nativa";0
12;"reptil";"nativa";0
12;"reptil";"nativa";0
13;"reptil";"nativa";1
13;"reptil";"nativa";1
13;"reptil";"nativa";1
13;"reptil";"nativa";1
13;"reptil";"nativa";0
13;"reptil";"nativa";1
13;"reptil";"nativa";1
13;"reptil";"nativa";0
13;"reptil";"nativa";1
13;"reptil";"nativa";1
13;"reptil";"nativa";1
13;"reptil";"nativa";1
13;"reptil";"nativa";1
13;"reptil";"nativa";1
13;"reptil";"nativa";1
13;"reptil";"nativa";1
13;"reptil";"nativa";1
13;"reptil";"nativa";1
13;"reptil";"nativa";1
13;"reptil";"nativa";1
13;"reptil";"nativa";1
14;"reptil";"nativa";0
14;"reptil";"nativa";1
14;"reptil";"nativa";1
14;"reptil";"nativa";0
14;"reptil";"nativa";0
14;"reptil";"nativa";1
14;"reptil";"nativa";0
14;"reptil";"nativa";1
14;"reptil";"nativa";1
14;"reptil";"nativa";1
14;"reptil";"nativa";1
14;"reptil";"nativa";1
14;"reptil";"nativa";1
14;"reptil";"nativa";0
14;"reptil";"nativa";0
15;"reptil";"nativa";1
15;"reptil";"nativa";1
15;"reptil";"nativa";1
15;"reptil";"nativa";0
15;"reptil";"nativa";1
15;"reptil";"nativa";1
15;"reptil";"nativa";1
15;"reptil";"nativa";0
15;"reptil";"nativa";0
15;"reptil";"nativa";1
15;"reptil";"nativa";1
15;"reptil";"nativa";1
15;"reptil";"nativa";1
15;"reptil";"nativa";1
15;"reptil";"nativa";1
15;"reptil";"nativa";1
15;"reptil";"nativa";0
15;"reptil";"nativa";0
15;"reptil";"nativa";0
15;"reptil";"nativa";1
15;"reptil";"nativa";1
15;"reptil";"nativa";0
15;"reptil";"nativa";1
15;"reptil";"nativa";1
15;"reptil";"nativa";1
16;"reptil";"nativa";0
16;"reptil";"nativa";0
16;"reptil";"nativa";0
16;"reptil";"nativa";0
16;"reptil";"nativa";1
16;"reptil";"nativa";0
16;"reptil";"nativa";0
16;"reptil";"nativa";0
16;"reptil";"nativa";0
16;"reptil";"nativa";0
16;"reptil";"nativa";0
16;"reptil";"nativa";0
16;"reptil";"nativa";0
16;"reptil";"nativa";0
16;"reptil";"nativa";1
16;"reptil";"nativa";1
16;"reptil";"nativa";1
16;"reptil";"nativa";1
16;"reptil";"nativa";1
16;"reptil";"nativa";1
16;"reptil";"nativa";1
16;"reptil";"nativa";1
16;"reptil";"nativa";0
16;"reptil";"nativa";1
17;"reptil";"nativa";0
17;"reptil";"nativa";0
17;"reptil";"nativa";1
17;"reptil";"nativa";1
17;"reptil";"nativa";1
17;"reptil";"nativa";1
17;"reptil";"nativa";1
17;"reptil";"nativa";1
17;"reptil";"nativa";1
17;"reptil";"nativa";1
17;"reptil";"nativa";1
17;"reptil";"nativa";1
17;"reptil";"nativa";1
17;"reptil";"nativa";1
17;"reptil";"nativa";1
17;"reptil";"nativa";1
17;"reptil";"nativa";1
17;"reptil";"nativa";1
17;"reptil";"nativa";1
17;"reptil";"nativa";1
17;"reptil";"nativa";1
17;"reptil";"nativa";1
17;"reptil";"nativa";1
17;"reptil";"nativa";1
17;"reptil";"nativa";1
17;"reptil";"nativa";1
17;"reptil";"nativa";0
17;"reptil";"nativa";1
17;"reptil";"nativa";0
17;"reptil";"nativa";1
17;"reptil";"nativa";0
17;"reptil";"nativa";1
17;"reptil";"nativa";0
17;"reptil";"nativa";1
17;"reptil";"nativa";1
